time,open,high,low,close
1704067200,99.94338653991215,100.91285149489569,99.16901559477922,100.13698056468992
1704070800,100.0744541944656,100.74598833593488,99.0700251674555,99.73931037819878
1704074400,99.87156720958669,100.66717892357956,99.26585459574096,100.06032153072988
1704078000,100.09337590735026,101.17345551578438,99.38435015638608,100.46181983950481
1704081600,100.44055092813286,101.17855302002538,98.97544944752686,99.70806952184661
1704085200,99.75780827635968,100.09323671860925,98.88657582324292,99.2201965849178
1704088800,99.01134067304432,99.82814332414969,98.48888646745019,99.3041440796725
1704092400,99.2998608278488,99.8223424037518,98.69277630398203,99.21481037376661
1704096000,99.41319143266256,99.6986164161127,98.96244179191352,99.24739074539484
1704099600,99.26052666005661,99.51400486832082,98.6987775595711,98.95146653156736
1704103200,98.95818686745055,99.52404788230903,98.78032429272753,99.34548918945401
1704106800,99.39995819810918,100.26343515388524,98.84180761531645,99.70357967596095
1704110400,99.79291472319295,100.43821891385974,99.13627409578767,99.78150450303099
1704114000,99.58239319652361,100.921792529334,98.9523681716548,100.28730774215295
1704117600,100.11873358669226,100.85616588915006,99.79695922150667,100.53305990914465
1704121200,100.55420335917358,100.79923574774882,100.00469330186462,100.24898192105451
1704124800,100.1773418834679,100.88042169873117,99.75907150311677,100.46096709823378
1704128400,100.59286093003304,101.07849250348758,99.65971004371266,100.14317065000076
1704132000,100.1116130606232,101.3132883731771,99.36742238309326,100.56572202674286
1704135600,100.37136260427559,101.33547974189766,99.65634089744552,100.61869609015976
1704139200,100.49119103939634,101.36617224666404,99.74630929893836,100.62033325139947
1704142800,100.34403996656201,101.12358619661141,99.6464645873024,100.42544490352381
1704146400,100.4019354944628,101.782890876608,99.62361281989945,100.99993248842587
1704150000,100.9809074963498,101.45285473234925,100.5508803037777,101.02264978026194
1704153600,100.97977853185367,101.11431535318401,100.80319274160713,100.93767346574813
1704157200,101.04663177174622,101.20678403676621,100.72649884108722,100.88639714476287
1704160800,101.00738398105457,101.57304177641075,100.63043119229901,101.19538737159934
1704164400,101.17814631797386,101.72488086844817,100.89446205608037,101.44046112576817
1704168000,101.22414777928601,101.93091676288199,101.0025089907713,101.70821806175438
1704171600,101.77102005261051,102.7693885455444,100.9901893894097,101.98690154745857
1704175200,102.04355674697298,103.21526610287088,101.80192402120986,102.97143621686917
1704178800,103.00329964008472,103.7980375543082,102.11998979156864,102.91403900150817
1704182400,103.01509663160397,103.66675693483295,102.16554140247885,102.81594187825338
1704186000,102.69624870490867,103.25970396666993,102.03398296117822,102.5968930965006
1704189600,102.80319229105338,103.55847518586238,102.21391074873706,102.96824752503862
1704193200,102.86950430673718,103.89980333306065,102.52794460687387,103.5559643659512
1704196800,103.63357994075595,104.20615435756807,103.06068725481445,103.63325990342373
1704200400,103.45854200763436,103.69720481017387,103.1739246277831,103.41248117512937
1704204000,103.31632492798417,104.09780320699453,102.42069638317432,103.20130465597526
1704207600,103.35791458784323,103.92514397319214,103.0362075614716,103.60267511660948
1704211200,103.57564872275313,104.33669732086932,103.28705531413767,104.04679116543399
1704214800,104.13421912854683,105.03600580245268,103.51169023077573,104.41181738356389
1704218400,104.4365612578203,105.02089854637667,103.69192166979019,104.27535699777756
1704222000,104.26441302293057,104.95092283238306,103.830767692175,104.51623017083429
1704225600,104.65887191419702,105.28009396856321,104.090875275999,104.71181002867249
1704229200,104.68703198687069,105.1751978042383,104.46546696074803,104.95306972215113
1704232800,104.76634209723305,106.07498115520198,104.16778074855665,105.47238596738713
1704236400,105.38770033438536,106.0284061303444,105.0826793620834,105.72241639775287
1704240000,105.78070578204715,106.47758875058908,105.47289960103612,106.16865369862045
1704243600,106.21065267290942,106.5858855795268,105.98386536305071,106.35878197516162
1704247200,106.19224209131254,107.00086050195566,105.83897873689558,106.64608736771326
1704250800,106.56886704246305,107.43835906922442,106.21519082399263,107.08297664569247
1704254400,107.02070230695385,107.46796890689897,106.18385735364117,106.62948897405913
1704258000,106.59052625828082,106.91323511924661,106.34185732553695,106.66439385808057
1704261600,106.5177337880802,106.8879514026341,106.26730497680256,106.63724162213417
1704265200,106.57025490891101,107.08095768755291,106.02989488163384,106.54045485334338
1704268800,106.46285663370405,106.80366342581658,106.26034918047304,106.60089340706453
1704272400,106.68317127782392,108.04681468409923,106.06203208407372,107.42137744802531
1704276000,107.50832954642856,108.32621312674647,106.41709292235718,107.23288099202189
1704279600,107.21724645638936,108.26499198381538,106.78971025045149,107.83499247279538
1704283200,107.79272515013625,108.58044605674883,106.5144957839487,107.29860579618106
1704286800,107.3136205302185,107.52530424362917,107.13245194422494,107.34408422832884
1704290400,107.25646549972038,107.74545847800012,107.1169566512707,107.60549564485689
1704294000,107.4821609458464,108.705986765416,106.8319387843407,108.05231540765956
1704297600,107.95077007405855,109.24398284040981,107.26774925006023,108.55712551397687
1704301200,108.48823389062593,109.85491819546375,107.73951235933012,109.10196108260763
1704304800,108.97509762484763,109.30411926455717,108.8227805428696,109.15155554315605
1704308400,109.1692460295359,109.87211577753808,108.45053297097175,109.15330005320705
1704312000,109.23297999541676,110.13373543591864,108.83583388035187,109.73476494561855
1704315600,109.56074321795734,110.2020741266729,109.21854519936092,109.85894471642177
1704319200,109.86170536480368,110.10462799164223,109.26672024201278,109.50886267457996
1704322800,109.48478040415264,110.35760514814214,108.35291823010017,109.22366130382413
1704326400,109.26096850282917,109.41892108932342,108.87631993992167,109.0339443300272
1704330000,109.03253357423283,110.20771246234601,108.29230558682625,109.46455148113232
1704333600,109.30554947851651,110.34347144761405,108.70694189441977,109.74247107938892
1704337200,109.60402076575186,110.94158517527785,108.93044233904448,110.26395110502239
1704340800,110.26719551245282,110.95482487712833,109.60757496125653,110.2950377729772
1704344400,110.4085655909941,111.36135857292197,109.63470738434769,110.5862549343127
1704348000,110.34166712677036,111.34084567674326,110.08936599589536,111.08684067340187
1704351600,111.12525298658507,111.28618550878309,111.01348628331787,111.17436940558134
1704355200,111.30670358006658,112.18381550461848,110.72905524468737,111.60462106702897
1704358800,111.58754397875305,111.97553503807607,111.14961905083946,111.53743588379142
1704362400,111.59882094497345,111.81301396808098,111.3905204826243,111.6047025276911
1704366000,111.5262642890423,111.92184515384842,111.26942250556063,111.66468459238375
1704369600,111.65135639887423,112.02228958031637,110.99246348000955,111.36243679970386
1704373200,111.1820741360931,111.97881093862584,111.01623121901574,111.81202836066304
1704376800,111.55020959662052,111.99205122901708,111.39421862964019,111.83566108883521
1704380400,111.94114564126852,112.90667245379554,111.11141729680328,112.07594495206476
1704384000,111.96560506580232,112.88645423802974,111.6090260485179,112.52808388362902
1704387600,112.47683588140734,113.8569940208395,111.59101163882401,112.96730701648539
1704391200,112.81079289276802,114.38799369465562,111.9364450519296,113.50824023998803
1704394800,113.34830983520729,113.93161485098436,113.12184002819237,113.70443350923331
1704398400,113.68466910997013,114.43667470944484,113.00205291116615,113.75364435086786
1704402000,113.67068255339728,114.55313527672138,113.07895455804444,113.95990171221717
1704405600,114.00298339129844,114.66813716232093,112.77336405281234,113.43520510466536
1704409200,113.48655051004809,113.67645175403044,112.83275519883281,113.02187889060143
1704412800,113.05814773858279,113.32043365891641,112.40508746384201,112.66646471066993
1704416400,112.693350225586,112.86650024842152,112.28598086407892,112.45877046199726
1704420000,112.63634438280405,113.4709777753284,112.04737575967542,112.8807312679781
1704423600,112.76028480801622,113.65178312773678,111.82330997945911,112.71444589039265
1704427200,112.70825410746247,113.42950962081132,112.06537842516853,112.78618940402126
1704430800,112.91401355154336,114.29674267362567,112.23931497481014,113.61783850997911
1704434400,113.7616036690519,114.65942108564262,112.80290159091456,113.70023467757665
1704438000,113.5386946800499,114.93824351386095,112.88629215749924,114.28157235610037
1704441600,114.24588145950702,114.39226139525012,113.95434890818241,114.10054262549107
1704445200,114.25561025595566,115.06328764436003,113.44431857456118,114.25197023148989
1704448800,114.310034019542,114.71614876801726,113.65795195058631,114.06318972347435
1704452400,114.0854642223023,114.27076879074247,113.96789397757662,114.15312881458581
1704456000,114.12828213020475,115.30538180550042,113.60892549081534,114.78304557388934
1704459600,114.73900018761321,115.6063243383302,113.37324542825878,114.2367731923819
1704463200,114.26970315341518,115.0013190719218,113.94959774159553,114.6800641098772
1704466800,114.65112548087849,115.54489931368532,114.14200658604332,115.03407987455228
1704470400,115.02918198633151,115.284137061066,114.75045207934093,115.00535434157302
1704474000,115.01439396886742,115.1758567765134,114.4240832264546,114.58494315012628
1704477600,114.50727269861896,115.04048465788145,114.32820455067592,114.86086355937837
1704481200,114.92200066376961,115.62176949915558,114.16064297498036,114.86003449362573
1704484800,115.19525295151821,116.02123706569922,114.38329675798406,115.20918268812001
1704488400,115.00463929901392,115.69248135541932,114.7742744404735,115.4612019599225
1704492000,115.49861889686628,116.79798678355644,115.15001750327839,116.44652439318641
1704495600,116.35803653754535,116.85337391821352,116.082825779553,116.57764374387905
1704499200,116.64497541272678,116.78354852821442,116.20425834052068,116.3424720849473
1704502800,116.34788882258214,117.23535932867904,115.78080693329778,116.66672343325652
1704506400,116.75564040008308,117.70017212268847,116.06684573125054,117.00987759292887
1704510000,117.14750434828596,118.5414280155438,116.4990762338737,117.88889619172893
1704513600,117.91158268751703,118.96509430620125,117.47337904932012,118.5246124197368
1704517200,118.65886445428396,119.5157877830008,118.07920739102362,118.93478283864356
1704520800,118.65629083938349,120.07327366428251,118.45947622567202,119.87443851493393
1704524400,120.06524478504578,120.3149956261486,119.29656821811078,119.54523737827041
1704528000,119.59008268161227,120.48970653345624,118.57885574710345,119.47763369443163
1704531600,119.60648129436004,120.36365661102033,118.51664215481792,119.27169810836236
1704535200,119.1262901646375,120.21056522095473,118.23770647754418,119.32053264546272
1704538800,119.22144590552233,120.10568299408556,118.01572186739453,118.89755674715855
1704542400,118.91490971996905,120.09407749995648,118.25543755919581,119.43173913333247
1704546000,119.42970428591254,120.45232816449607,118.53425971087108,119.55593713712531
1704549600,119.58978445776955,120.05820911931941,118.6158922815676,119.08232927734635
1704553200,119.21154592488804,119.33377515773172,118.70319265697165,118.82502558521051
1704556800,118.61545825675162,119.36991398512774,118.44488948743677,119.19850679329367
1704560400,119.31464111025785,120.03413825742265,119.10388238234279,119.82248247279641
1704564000,119.82347483591651,121.2090819458561,119.62367228639478,121.00730538946198
1704567600,120.9826488079274,123.07557825964419,120.56381695125945,122.65097081111247
1704571200,122.47066975377327,123.80545286791305,121.74700334604132,123.07819664716364
1704574800,123.1401265456637,123.94479083089512,122.01063315300856,122.81316086739847
1704578400,122.51703423616797,123.1457295299808,121.36180429834829,121.98778374702293
1704582000,122.06690554372636,122.58219085066528,121.81971356336783,122.33445706423811
1704585600,122.15205722074951,122.91371331307793,121.38907019839064,122.15071793988605
1704589200,122.15724803683295,122.58465144901102,121.73169940651587,122.15909637978162
1704592800,122.14453968966615,122.27779369550363,121.9358753514834,122.06904699830949
1704596400,122.21189492214341,122.57414568612784,121.84462955381895,122.20686540972329
1704600000,122.18503447169189,123.34183334804628,121.78008835649167,122.93440367054043
1704603600,122.84909977024972,123.5747436990727,122.49041495065659,123.21499058121961
1704607200,123.15258534347261,124.16212302142736,122.32954539983136,123.33784497082452
1704610800,123.49493954870304,124.27536393997818,122.2484451580945,123.02590549580957
1704614400,123.09190161123426,123.81431126749683,121.68054532928312,122.3988877814812
1704618000,122.35169620047667,122.59407249782303,122.110291954321,122.35266633755242
1704621600,122.32373990753396,123.3308894716414,121.50969531221065,122.51556828963265
1704625200,122.32371507102022,124.28248800241009,121.62154860023705,123.5731494885369
1704628800,123.62116379458692,124.11597155438568,123.32894019991521,123.82327020767923
1704632400,123.60555569668526,125.18413478676862,122.9211940682159,124.49484944339619
1704636000,124.58847942215607,125.13474776252716,123.88179647963446,124.42735837163023
1704639600,124.4433634458905,124.95052620532924,123.51096910141594,124.01639175890809
1704643200,124.31276648376792,124.53464763471882,123.49176761245091,123.71257750882103
1704646800,123.57655174097172,124.14848007884352,122.95332020005692,123.52500999603629
1704650400,123.51232931113823,124.96264326215038,123.30241730833792,124.75062674479828
1704654000,124.9751660952217,125.24383442179355,124.23981724156464,124.5074801491848
1704657600,124.65590546981164,125.33064108397328,124.41559079858358,125.08949053696003
1704661200,125.00243203522778,125.9622954544239,123.84041403811024,124.79871314929068
1704664800,124.82666712641236,125.7979426987948,124.45292949005518,125.42242134283812
1704668400,125.4226721072115,126.20919644654857,124.98539470723817,125.77070565189177
1704672000,125.80617244009618,126.25332774959185,125.39672816958905,125.84376114423226
1704675600,125.75586727876764,126.88998167724841,124.83938956512046,125.97192935652079
1704679200,125.9606779955572,126.58301964871366,125.16607520570929,125.78756153172712
1704682800,125.58670695105566,127.09224572577635,124.6530803900251,126.15439887525986
1704686400,126.17144644484151,126.56251160563832,125.67298280679668,126.06371405381182
1704690000,126.12045809834328,126.34795956865614,125.35543798406086,125.58196810311549
1704693600,125.55341157296854,126.16781085477702,124.4604059167546,125.07245160694016
1704697200,124.87061626363233,125.71470646932481,124.4437137276218,125.28638252867765
1704700800,125.41029334459306,127.03986609700284,124.5809114526867,126.20522703211559
1704704400,126.25124038329413,127.31223662528744,125.34779106953043,126.40766792171172
1704708000,126.31592735288409,127.01065148545023,125.77175649662276,126.4658348256113
1704711600,126.43035343412944,127.71368932032874,125.44425822760938,126.72529372314058
1704715200,126.53526357416926,128.12195807150644,125.91889878497096,127.50088962987596
1704718800,127.37021593486385,128.09113663716562,127.00129539588158,127.72119949439566
1704722400,127.65252805193292,128.2171133048092,127.0516108464893,127.6160346955048
1704726000,127.77289721537177,128.4452143243567,127.61175360906248,128.28342685234017
1704729600,128.20141539197192,129.45391368701343,127.35169536952236,128.60154162464394
1704733200,128.68390044901187,129.71019953800206,128.46384514265952,129.4887678718511
1704736800,129.41908072855915,130.08474845079837,129.00995602892186,129.67481531291207
1704740400,129.70697185347598,130.34995730748417,128.48801827958548,129.1281343109655
1704744000,129.10987746432212,129.27782693423046,128.33888613859435,128.50605013428498
1704747600,128.61829217920612,129.63816903790533,128.41826265823124,129.43686645524113
1704751200,129.36766065914912,131.17431741707122,128.60790838537324,130.40845276432515
1704754800,130.20354294378075,130.58288752357055,130.00791997810595,130.3869889413551
1704758400,130.20692521638722,130.82068900713608,129.6418818395584,130.2554351177066
1704762000,130.18617360425668,131.52558632387434,129.7473330109318,131.0837202181033
1704765600,130.9200910029965,131.2600323319184,130.2259157865389,130.56493493288733
1704769200,130.61850522486074,130.92172985228424,129.85258813097843,130.15473614060156
1704772800,130.09412832369327,131.37067605844837,129.26882690769534,130.54253003621764
1704776400,130.85288552335007,131.85532270056993,129.38617761102296,130.3850306477867
1704780000,130.15865542177428,130.68518275735914,129.9007775190146,130.42677364317598
1704783600,130.4533355660344,131.46014421444985,129.3756785662145,130.38193617062268
1704787200,130.23495438136877,131.26887675399362,129.5625073544326,130.5945728952901
1704790800,130.53015325165302,132.08593283990783,129.81333088106828,131.3645283957268
1704794400,131.38310721182037,132.2253922496201,130.5988177704445,131.44075865881655
1704798000,131.13546517906804,132.5858494508392,130.35798500629284,131.80440325642942
1704801600,131.83562167795108,132.72401944937207,129.86729466223989,130.74836576643347
1704805200,130.99740468118654,131.57173405586656,130.16609701178172,130.73929476015275
1704808800,130.68002599518627,131.29860121974968,129.69457783688497,130.31140820541282
1704812400,130.3452685314949,130.7710790231833,129.26229387602498,129.68595051485775
1704816000,129.818936597353,130.0444065362064,129.01105412915808,129.2355107721968
1704819600,129.21432389475672,129.94470544897817,128.33370528141165,129.06323279601736
1704823200,128.98827397211426,129.69330381811594,128.82893865474702,129.53329525242933
1704826800,129.23884678755306,129.61744492729431,128.46286796218106,128.8402985767163
1704830400,128.92291048629315,129.13687211543328,128.6307456992406,128.84457732595885
1704834000,128.82999701507154,129.13082666584668,128.2796334235516,128.57987902628696
1704837600,128.449734168104,129.15249761403842,127.68971475181057,128.39216322038936
1704841200,128.408418274775,129.5807870602019,127.7150980264493,128.8848941582892
1704844800,128.8096885274398,129.64511190198866,128.30122717354087,129.13536497795246
1704848400,129.06714450297525,130.0084519157332,128.85660968183447,129.79672699683016
1704852000,129.87544546524447,130.39931332388198,129.15825873975388,129.68134366599364
1704855600,129.50789653174198,129.95718715284082,128.83337053780255,129.28187704892403
1704859200,129.4173468623902,130.19944359385,128.3430625986425,129.1233828426018
1704862800,128.9430349413103,129.85491257881432,128.29146176915827,129.20203065309082
1704866400,129.11643665018033,129.81676575703594,128.5430356717258,129.2428035880182
1704870000,129.49156965050918,130.06248173976513,128.06223194146085,128.62934257970545
1704873600,128.77443525164003,129.77425003848833,127.6194500932579,128.61805069820232
1704877200,128.63060494611986,129.48374899067738,127.82099625838894,128.67386800269202
1704880800,128.55290323631604,130.49196299113612,127.97713317565592,129.91011417685868
1704884400,129.84137454366143,131.38843995155577,129.2759727097284,130.81878194014146
1704888000,130.82836807875123,130.9834459701134,130.14484711300295,130.29929786902966
1704891600,130.30418721158867,131.29418172327422,129.08400472451078,130.07223697926585
1704895200,130.06041773119418,130.48106144960425,128.81453710499403,129.232503167383
1704898800,129.22851866583537,129.5892695834422,128.48388357026982,128.84355984701128
1704902400,128.81594195513435,129.9495104023096,127.78594739832396,128.9186942522621
1704906000,128.73293020261687,130.23111938595426,127.95656408118032,129.4504261699628
1704909600,129.3835808989051,129.55586114196444,128.8068748492607,128.97861586257847
1704913200,129.09663677124988,129.28165785666403,128.35928967478756,128.5435180313423
1704916800,128.36774781052807,128.5190306066571,127.19347447293562,127.34355024101636
1704920400,127.31941385687378,127.98113515849504,126.4959331200853,127.15680931185314
1704924000,127.0526147306433,127.24331454335727,126.32091846887691,126.51080505154009
1704927600,126.52489286833375,127.47809579418256,125.18310073657194,126.1333539181894
1704931200,126.08434383570653,127.03733290388122,124.62990933945538,125.5790794446521
1704934800,125.76474629882293,126.37123150331183,124.8111622280537,125.41596547942939
1704938400,125.47951519005517,126.14662358435736,123.7577267600573,124.41919800719457
1704942000,124.2560915145618,124.63423520835593,123.1947332153372,123.57079136203359
1704945600,123.65376338206983,124.6834997389353,123.47473649933444,124.50324297302487
1704949200,124.4068336513963,125.17345631755394,122.97441381184825,123.7369082482001
1704952800,123.6655330947179,123.87731055773416,122.85530210549113,123.06605295762087
1704956400,123.10467948632117,124.03859808893682,122.90784698500863,123.8405889394335
1704960000,123.77970562019911,125.54836307635938,123.3862641807024,125.1505642779487
1704963600,125.26235558651382,125.39854828750696,124.29050467853958,124.42578781317432
1704967200,124.32945609835798,124.83152943869642,123.59926968870484,124.1004181165713
1704970800,124.02363035681391,124.86394549435782,123.28522263724068,124.12493463279309
1704974400,124.04348937061036,125.66245928999248,123.22363105764084,124.83735397455456
1704978000,124.7667610968201,125.41931011293192,123.54507802772514,124.19463473650903
1704981600,124.3312234851028,125.19260504926577,123.0609755401459,123.91950466717003
1704985200,123.99744929548928,124.62646978542638,123.52061519139296,124.14905268814493
1704988800,124.36152221390572,125.22476585569515,123.34385145595975,124.20601566386816
1704992400,124.48799030362544,125.05382720589364,123.2949714861285,123.85794463351243
1704996000,123.73034790979304,124.04725262169859,123.31139219907274,123.62803486138678
1704999600,123.63674094624875,124.5774953223168,121.85067564905282,122.78494872144977
1705003200,122.64061392584067,122.99931271722028,122.14258100831744,122.50087108036523
1705006800,122.40565070362159,122.55050682237506,122.05660865683335,122.20122285354518
1705010400,122.12425025238471,122.47289131477943,121.79467130327113,122.14326106084914
1705014000,122.01420494524551,122.44940678894172,121.26494993994378,121.69902760502802
1705017600,121.57108125113417,122.17439656440132,121.15051244362,121.7531977344228
1705021200,121.73563191722181,122.63949154956416,121.16680116964474,122.06910260266363
1705024800,121.92066919635253,122.8405994217174,121.04504858405443,121.96466285190475
1705028400,122.0674158420135,122.43927806140132,121.58237459736473,121.95389097828706
1705032000,121.84201870687855,122.40802292068409,121.22966298592179,121.79545087378298
1705035600,122.13812475078966,122.5510704132479,121.19818420249943,121.60934206514607
1705039200,121.55446188600742,122.3752476220651,120.25400235669855,121.07152711851927
1705042800,121.0802467183844,121.33490397588791,120.78110943759098,121.03567294706647
1705046400,120.87899195468773,121.08745646487438,120.58950435345551,120.79782889210688
1705050000,121.0040969784876,122.16940072909902,120.45704147669173,121.61956272710397
1705053600,121.75579215061428,122.88761464673223,121.06139292177637,122.19073484701033
1705057200,122.22702060208503,123.0298903486895,121.37850137806595,122.18106928534023
1705060800,122.01662627080628,122.64225114429559,120.98599462107809,121.60953217087594
1705064400,121.63515397005739,122.41568046810153,120.09437968483414,120.86999620503644
1705068000,120.73452481386957,121.69996855434412,120.28189465288584,121.24542305098696
1705071600,121.42285663740725,121.57221569894806,121.0206068372491,121.16965444142991
1705075200,121.26774396887642,121.48756542086427,120.97809016510075,121.19778480244656
1705078800,121.2093523544842,121.36341649675383,119.99778026831002,120.15049854575435
1705082400,119.85812310799756,120.78839699484953,119.46227900500871,120.39079369103507
1705086000,120.27245765714612,120.94022486931578,119.73502746995344,120.40221486988271
1705089600,120.48505131600749,120.90605287944587,119.24288590075335,119.66100807384828
1705093200,119.80623101053904,120.39618041304891,118.64037161971349,119.22747109477282
1705096800,119.35978797379023,119.88070560420056,118.62426248501527,119.14423940455615
1705100400,118.95471113204903,119.64289652539458,118.27124498979855,118.95940342311835
1705104000,118.9952813148963,119.66983404816852,117.93781876482333,118.61018850897256
1705107600,118.73070014057448,119.11377869284584,117.96845220232817,118.35030342398237
1705111200,118.15420155291183,118.5587026022396,117.61589785304403,118.01993925523628
1705114800,118.01900636849909,118.6204353262892,117.27949845472081,117.88022015313437
1705118400,117.91250517563647,118.97518200611744,117.30230474526115,118.36265205337197
1705122000,118.32705811243254,118.70604777532742,116.56747794491716,116.94203150693457
1705125600,116.72563639812942,117.1122579925433,116.2332517522404,116.61952187144486
1705129200,116.58154529835838,117.26451672466376,115.8072727793565,116.48970618318741
1705132800,116.45158470880796,117.09578040748764,115.77107340975205,116.41506709754314
1705136400,116.39783051479505,116.62426569002787,115.8038162375684,116.02953494694378
1705140000,115.96417403572806,116.43815361080586,114.53592372396604,115.00598690735018
1705143600,114.95504914131249,115.78835168848227,114.11234472821427,114.9455786241492
1705147200,114.94101465315958,115.67458466850769,114.7968625597626,115.52969428859008
1705150800,115.58082224390435,116.38828693076415,113.81088163142256,114.61157501404911
1705154400,114.57668949359413,115.04213540661954,114.33123791286201,114.79621355111193
1705158000,114.74919703604002,115.27139084598434,113.91309784540685,114.43385662298515
1705161600,114.44442553979087,114.89881053723656,113.74108568904529,114.1944783072459
1705165200,113.97533086450899,114.09738765739802,113.3828647058606,113.50441719477595
1705168800,113.55857570560225,114.39979248797603,112.30502412185086,113.14316362350951
1705172400,113.14309991293753,113.99789578238273,112.66965525988019,113.52286202366277
1705176000,113.52736823583908,114.44977525088784,112.65549190524217,113.57751380841444
1705179600,113.68668405590543,114.49935667767905,113.34480462892044,114.15606572271592
1705183200,113.93335750952669,115.29205124670226,113.12854020025605,114.48334883696634
1705186800,114.25760059355481,115.32682008941983,113.40561285620049,114.473224503431
1705190400,114.50457200382385,115.62592883691038,113.94374842921928,115.06237324835735
1705194000,115.06155436903012,115.3398588725561,114.77449088521064,115.05277415163395
1705197600,115.07235514711456,115.89062688213984,114.40531154087103,115.22271169925537
1705201200,115.16947646617305,115.7272245582345,114.31912167047652,114.87544581724902
1705204800,114.95178909841938,115.82676851214184,113.82316099052561,114.69619489589864
1705208400,114.80321492016033,115.27102704952364,113.7031306707662,114.1683558099271
1705212000,114.2236246461589,114.74247173965749,113.89470680681006,114.4130085512614
1705215600,114.38317027412462,114.60827738386894,113.44517077351345,113.66887213808991
1705219200,113.42954576400949,114.48987285688834,112.76139639978415,113.81942692304547
1705222800,113.90701463091187,114.79762707589211,112.64057659607401,113.5282273917627
1705226400,113.66701284341161,113.9935880457945,113.53079356843321,113.8571409201133
1705230000,113.93055215443052,114.70087755496316,113.2261061655057,113.9960267290513
1705233600,113.89579507785861,115.48382105192313,113.04288498840195,114.62544695523445
1705237200,114.70270696452212,114.93277491735223,114.52796074670974,114.75794454669968
1705240800,114.85673966917906,115.06017281417891,113.63655760829342,113.83818670214198
1705244400,114.0157778972526,114.68205186310874,112.94487684817815,113.6087723961138
1705248000,113.50928221167099,114.13764049776435,112.25599607703845,112.8808756655965
1705251600,112.85531616793662,113.0225442621203,112.285835934714,112.45246709039478
1705255200,112.53653108155721,113.71264604562887,111.76667325659733,112.94002791526603
1705258800,112.94651199646087,113.5624404108274,112.41973319909549,113.03524775282838
1705262400,112.9090208820249,113.7389452730982,111.70156168009235,112.52869049770173
1705266000,112.57535639886757,113.37981270966542,111.0852653659903,111.88478691131121
1705269600,111.94954908078864,112.69821777845804,110.9655256891059,111.71260984273528
1705273200,111.72243683965297,112.23762164945182,110.4743240281633,110.98611343553779
1705276800,111.01048698910908,111.31709512254481,110.20142549858248,110.50664202507951
1705280400,110.47805700232863,110.97982939327109,109.96260751841234,110.46431750692261
1705284000,110.62773533945126,110.98567243035139,110.43903986315318,110.79668877361976
1705287600,110.69693999027827,111.51129486658903,110.07571728236526,110.88899436430961
1705291200,110.82388607715346,111.038645095796,109.49047134832146,109.70305838162331
1705294800,109.70426353267477,110.20651276993014,109.16212855798788,109.66419435008127
1705298400,109.76062650890874,109.91217013230504,109.37403117941824,109.52524982438858
1705302000,109.36137237731934,109.87713673485506,109.02272532607793,109.5379429174981
1705305600,109.39450969747975,110.36951343742714,109.10739689034492,110.08059994306491
1705309200,109.85651395715328,110.44317199789089,108.42941231212664,109.01155810203251
1705312800,109.01512231774598,109.7245389876075,107.88568776726285,108.59235326455807
1705316400,108.47098168212052,108.84165158244424,108.31900074631233,108.68936466572117
1705320000,108.64757619397686,109.40289260045675,107.09741681292334,107.8471687985592
1705323600,107.91852015635918,109.09137993223598,107.1603522053375,108.33031894079663
1705327200,108.26084270161074,108.70456078324949,107.89320149001728,108.33666209781796
1705330800,108.36172131792706,109.16186288512704,107.75348389200074,108.55255430819489
1705334400,108.52006527654913,108.93442648919722,107.74305102195811,108.15602221216906
1705338000,108.2287398575095,108.58695941960453,108.00369592351367,108.36163914331604
1705341600,108.41313703257437,109.19140339117705,107.90352623694821,108.68053565172669
1705345200,108.60536193760315,108.8132293683283,108.43110270972313,108.63891630187616
1705348800,108.6205957030983,109.3971574805953,107.82385231311778,108.60026876714815
1705352400,108.71367875583225,109.52577301446041,107.76848245461262,108.57957495404416
1705356000,108.62229604960763,109.35563688350412,107.3404556214551,108.07006820393757
1705359600,107.91920381952289,108.45207613176896,107.34111498958801,107.87376292848978
1705363200,107.94451010482138,108.47378256220543,107.15011593385051,107.67808204379328
1705366800,107.56135656449518,108.56598515056649,106.71245527215645,107.71586444316948
1705370400,107.86812201712893,108.31764793255311,107.57306906702306,108.02217360332129
1705374000,108.13285565099046,108.29847610245295,107.27904249615096,107.44360726821205
1705377600,107.47475812431162,108.00499413634526,106.7412583963811,107.27048661727238
1705381200,107.28735438694895,108.14651402784537,106.93314527391496,107.79064330685266
1705384800,107.76811394026777,108.11904694537543,107.00660954590815,107.35620121017828
1705388400,107.42906968273698,107.54182696346766,106.78030684141417,106.89250094094606
1705392000,106.85287488181076,107.42344765892621,106.30005274173274,106.87053415549013
1705395600,106.89571259892126,107.43115987914747,106.59124839103816,107.12603964549791
1705399200,107.21948725518467,107.46770142293592,106.77992197291462,107.02769213307141
1705402800,106.96758016252288,107.63513765787967,106.8303382413235,107.4972162011858
1705406400,107.43099760079906,108.15050416329115,107.04956050966103,107.76787099272013
1705410000,107.63923360299603,108.80832087831118,106.86931361890106,108.03556601483251
1705413600,107.92062628515545,108.54535480803386,107.55836958801542,108.18222002034005
1705417200,107.98460087448727,109.7309457581553,107.36330937080533,109.10321826752212
1705420800,109.18287400117609,109.87027067764484,108.24007457586202,108.92585309270748
1705424400,109.12306897193456,109.48281561152356,107.61628228189561,107.97223496048034
1705428000,108.12624064036449,109.31876621914286,107.39622793288726,108.58565180401874
1705431600,108.40922584056884,109.04267803436473,107.67569721511948,108.30856120961015
1705435200,108.38709763648174,108.9197872284308,107.74770263419181,108.27986521141311
1705438800,108.43396023908782,108.88533282381916,108.32477296119691,108.77580132998237
1705442400,108.72612280595868,108.86155590924018,107.87715093348537,108.01169411913132
1705446000,108.02265218380423,108.8799265310588,106.55413781447498,107.40652251918344
1705449600,107.1910780760889,107.88524615401856,105.96780160030525,106.65852084427756
1705453200,106.68697432402699,107.49384330317969,105.45763830657057,106.26128783720826
1705456800,106.14833268858791,107.17073351052323,105.371738490428,106.39235402240847
1705460400,106.41359578213839,106.684521001464,106.29195430694311,106.56270907473244
1705464000,106.39647285992548,107.32833640833894,105.70032807632332,106.63065935862797
1705467600,106.68856040364959,107.13217359377872,105.54263788907976,105.98331866982808
1705471200,106.09195556362413,106.78440793644387,104.2804771918743,104.96557780131046
1705474800,104.88340305760568,105.05847718621474,104.77358903446728,104.94859490652671
1705478400,104.82934428129973,105.14565583195132,104.39816605785597,104.71412996138223
1705482000,104.48860708792152,105.52962622940905,103.8345850572023,104.8731969482873
1705485600,104.84526103067705,105.82638710175266,104.15840446856058,105.13761528437672
1705489200,105.07648566309406,105.7298524813871,104.5155871505628,105.16846299366213
1705492800,105.00547110046263,105.79238442837415,104.67903079269902,105.46451704165219
1705496400,105.51230526966198,105.87506210585339,105.17756345705857,105.5402316955986
1705500000,105.49275240017991,106.56775381470712,104.67335350765839,105.74638487058839
1705503600,105.63269084522601,106.06308968648277,105.00455098158103,105.4341408337437
1705507200,105.37568617879235,105.81087499662624,104.91197516394547,105.347045700072
1705510800,105.4599649429423,105.97316785522581,104.90881843275082,105.42183579605147
1705514400,105.48541768153908,106.1723948080446,105.07755658853759,105.76345866503223
1705518000,105.7497075530724,106.26457125492901,105.08119566266036,105.59530763750101
1705521600,105.66070246342942,106.24325999527099,105.23527570967987,105.81720311544058
1705525200,105.69442993736625,106.42697227671331,104.9770813723924,105.70952128668468
1705528800,105.71294316991958,106.49134532465096,104.8897870849348,105.66785725597991
1705532400,105.68342563772536,106.82822176557235,104.88818197478214,106.03036744469729
1705536000,105.98056220813766,106.50517377436582,104.68212808747244,105.20289011975021
1705539600,105.24871157116209,105.67970924470656,104.24768771210181,104.6763415073963
1705543200,104.59468045822632,105.21562564885426,103.46040950862545,104.07828904848648
1705546800,104.13136384363854,104.84656565980974,102.42662951151733,103.13498795389965
1705550400,103.19191960932564,103.70177805678851,102.37402405497794,102.88235297216745
1705554000,102.58266602953175,103.83027574769918,101.977441927782,103.22128388543818
1705557600,103.34422192077783,103.9899275175088,102.49250836753129,103.13691871195235
1705561200,102.82307376475407,103.84708301745312,102.23340848060735,103.25494107944355
1705564800,103.19135056305667,104.39112966758151,102.54919750728075,103.74552800168743
1705568400,103.85195782936982,104.59784231759842,103.59642828759515,104.34110921037482
1705572000,104.30800841302374,104.82701884271353,103.83980920950562,104.35859258597249
1705575600,104.20569559547504,105.51220589228441,103.67238336237259,104.97495667338714
1705579200,104.8602044385469,105.17356306171995,104.75352537975459,105.06667395209384
1705582800,105.17462294055399,105.90997630230464,104.0388417330931,104.77137569593692
1705586400,104.57025031641194,105.13282348135131,104.01914715726492,104.58166019021189
1705590000,104.69979862996558,104.89914226406786,103.82798504061016,104.02604588025272
1705593600,104.02031398469084,104.71875833176627,103.02553035553895,103.721971482027
1705597200,103.59836759456174,104.26526548026202,102.97476770859834,103.641406525809
1705600800,103.58098927636549,104.70263529780189,102.92759036893065,104.04630115797372
1705604400,103.94051654029992,105.23234434610782,103.55133235181805,104.83979299926891
1705608000,104.93064721444206,105.66300201481444,103.61110990697345,104.33933771142483
1705611600,104.41578673729562,104.99192658914936,104.00875384052328,104.58423704057134
1705615200,104.40459434664852,104.92594537778551,103.712934681633,104.23343099762008
1705618800,104.19137169435577,104.62336981912412,104.08671186513666,104.51838150981227
1705622400,104.42820166801414,105.12999957445572,103.8523728886571,104.55347999638956
1705626000,104.68880847049819,105.31979205462031,103.25672894281087,103.88285485870621
1705629600,103.74269734253205,104.88366666221712,103.22712045834139,104.36499709415384
1705633200,104.5325568261668,105.00043532231399,103.74479503264226,104.21123532210375
1705636800,104.20776569392946,104.90278515158,103.39599147228408,104.09022699910776
1705640400,103.9693512214515,104.56921372807862,103.15105280067911,103.74964770390966
1705644000,103.67940453554705,103.98489779606736,103.2798385606275,103.58505381502525
1705647600,103.50205135687698,104.67344748827827,102.70368690026933,103.87222767171811
1705651200,103.73991456114574,104.52456193595434,103.12257177850051,103.90622943505564
1705654800,103.9160830036835,104.98308786183978,103.09352771450378,104.15861281039108
1705658400,104.03079332181183,105.24272511814827,103.21947493171035,104.42830658995828
1705662000,104.20086268464217,105.88495396372399,103.42640352103471,105.10378395689226
1705665600,105.06388609774518,105.74561001506876,104.40328632466603,105.08487825170579
1705669200,104.89559600340552,105.44797679722221,104.04239233695225,104.59318060961793
1705672800,104.51453929126538,105.40323227118608,104.28406438881406,105.17130906354943
1705676400,105.07574096987857,105.67046902161144,104.57101385935884,105.16531166186257
1705680000,105.0737298516883,106.44449606665663,104.40570936019441,105.77203599910061
1705683600,105.98389382947826,106.56704509362028,105.49149264698876,106.07422423605182
1705687200,106.0802082180586,106.91257980062949,105.32940709717018,106.16120540804363
1705690800,106.18725748621242,106.64319496230739,105.99956181430974,106.45502598513713
1705694400,106.26608732318309,107.83254769393702,105.87645395382529,107.43861515462632
1705698000,107.36837723019597,108.98126837121139,106.88073680304143,108.48854044174885
1705701600,108.51190082451015,109.11265589624763,108.07500184628071,108.67509983358991
1705705200,108.56381606814848,109.0957557558042,108.37273226204412,108.90407306138073
1705708800,109.00300971718761,109.76392842060045,108.77686138457716,109.53667289802492
1705712400,109.40501270500214,110.15589443167462,108.58133433030122,109.33171297741038
1705716000,109.300408559714,110.12675271837925,108.82050436914,109.64533406689414
1705719600,109.5810950645735,109.95177313091646,109.43414057136457,109.80451901345974
1705723200,109.82256364693957,110.23870865454774,109.70006329692178,110.1158811268284
1705726800,110.04537557967481,110.52014740433592,109.45062157554898,109.92487351479994
1705730400,109.89509960007216,110.13144561487542,109.16978749290423,109.40507964576283
1705734000,109.37924886409753,110.0285111372575,108.03453662611999,108.67964614032924
1705737600,108.5998624383989,109.31306643120911,107.66295635221941,108.37468152245333
1705741200,108.42726616917389,108.70896855115704,108.07634194592444,108.35786401577192
1705744800,108.38369835005564,108.97273781344548,107.82603836015811,108.41491719514073
1705748400,108.40531054725155,109.67396354801834,108.17970689992855,109.44619370573858
1705752000,109.39909181801961,110.46674900213227,109.05721106156867,110.12260720326223
1705755600,110.21035965336065,111.00625131051817,109.0988210878822,109.89241669822304
1705759200,109.8665033589766,110.77087384520175,109.33818977204945,110.24076057261132
1705762800,110.20695521460662,111.0527807302271,109.41333058913584,110.25878288227446
1705766400,110.27032648178918,110.61716738285797,109.98618911296413,110.33286885892397
1705770000,110.52021701617966,110.98266583058445,110.15437626490822,110.6165063452259
1705773600,110.46834014416255,111.57267766778003,109.99369469685972,111.09533821980979
1705777200,111.18089866214696,111.66570970013856,110.66642787092029,111.1511090093277
1705780800,110.94087999775269,112.72740495068142,110.05517951390364,111.83456966341897
1705784400,111.8588709534823,112.06034189359792,111.33462450311016,111.53551303771134
1705788000,111.71132913507515,112.52923499516808,110.93339878041442,111.75102818603284
1705791600,111.80565074115894,113.93234189457738,111.01789336326068,113.13521669508279
1705795200,113.1545220472588,114.00819129007347,112.60318903796954,113.45539232333317
1705798800,113.3918241240184,114.71978238562889,113.00535528536682,114.33011560548583
1705802400,114.33366529061053,115.12755277337622,113.80377645999499,114.59644606352875
1705806000,114.56756420087349,115.44059741959951,114.21844544884287,115.08988700689713
1705809600,114.99946458750843,116.052699492715,114.24118662189154,115.29248939415251
1705813200,115.25907375625303,115.96246060840444,114.7417963223618,115.44435165580225
1705816800,115.46725591208286,116.33105435861344,114.45379062981478,115.31646099536886
1705820400,115.22802216843752,116.36904142127871,114.61053370204822,115.74876239165859
1705824000,115.65547388224388,116.18751627951339,115.05799209497395,115.58973206441027
1705827600,115.43260877710345,116.82892193347537,114.74261203446872,116.1347282816982
1705831200,116.18011389250547,117.40866338533996,115.65410485420112,116.87948790966647
1705834800,116.94324239509244,118.15235124438937,116.08586781500233,117.2924166775258
1705838400,117.31959183846227,117.66987970027041,117.05079837269132,117.40089994772383
1705842000,117.51426653241376,118.77980355831141,116.5960757693265,117.85891986680413
1705845600,117.86927630659298,118.7478750055489,117.08128084229813,117.95927785088227
1705849200,118.00552824270103,119.48317466972107,117.17652364915747,118.64964506945866
1705852800,118.68570074942447,119.20558623155031,117.51427002020388,118.0312889464299
1705856400,118.02048485445872,118.93192475792786,117.21081584018818,118.12156231077975
1705860000,118.05887744585162,118.43045815085371,117.06293930476942,117.43254869100817
1705863600,117.6928503433202,118.43827416430734,116.23904738597763,116.97995599275073
1705867200,116.92709873236161,118.10371255766735,116.69521462687075,117.86995861854783
1705870800,117.79149776585862,118.91818827771797,117.42052953258106,118.54484747243825
1705874400,118.59630826719811,119.0849403139053,117.96850433002513,118.45656059835908
1705878000,118.48639816336996,118.87221807875225,117.61439343744219,117.99862504745589
1705881600,117.83297795341959,118.2700345861436,116.42401430913769,116.85745260145417
1705885200,116.98871959388504,117.77730934165473,116.06613096110422,116.85381132824695
1705888800,116.8428048514941,118.57472537249951,116.51602692841305,118.24402860317092
1705892400,118.11274057445148,119.44247496046025,117.37843742168502,118.70449290228633
1705896000,118.84569082804806,119.02585905130768,118.51389823282874,118.69383624689955
1705899600,118.76812331811772,119.92867467499904,118.01273741754362,119.17072813781803
1705903200,119.02012698868374,119.79901406424955,117.90716657094698,118.68385301491675
1705906800,118.89496345727441,119.3481781493711,118.34507659517948,118.79792137338838
1705910400,118.87621091699764,119.82236642843034,118.15613672345266,119.10093102769986
1705914000,119.09971666702694,120.19964894459495,118.21766787817981,119.31599838012295
1705917600,119.50588786745945,120.74356944402497,118.7165525757706,119.95129226041175
1705921200,119.97040175744618,120.82409722558018,119.52253718266893,120.37472326783285
1705924800,120.37134282290556,121.48680201966717,119.84297346359443,120.95586689509759
1705928400,120.87602608450231,121.6620409000629,120.09571055802904,120.88168881779889
1705932000,120.9520443477548,121.94666887147034,120.58336290675564,121.57608525261807
1705935600,121.63404258582649,123.44482630761364,120.82795199095948,122.63212126649196
1705939200,122.6339215364012,123.03818401322384,122.01392343344826,122.4174723860802
1705942800,122.32080244241587,123.13324914844729,121.43100497788238,122.24293449010788
1705946400,122.25881852864208,123.35650876242826,122.06227487255069,123.1585187454761
1705950000,123.1499227304106,123.48627620799154,122.98850014189233,123.32462462353742
1705953600,123.16028400008675,125.27289156793265,122.17700577602079,124.2806684986275
1705957200,124.09788522003983,125.20270126128794,123.21850280283932,124.321732616696
1705960800,124.39201332176214,126.2091882023753,123.4988870595546,125.30947462988185
1705964400,124.98385716591213,126.59945084865778,124.02661084907098,125.63720060082201
1705968000,125.6630104551205,126.54137041967888,125.15178641585716,126.0286588444583
1705971600,125.96842107834838,127.4649154997331,125.5895271037447,127.08267003265709
1705975200,127.24903430353918,127.49210222320217,126.91778178257132,127.16068093183561
1705978800,127.09794665829924,127.6709631669914,126.37071669853644,126.94303479266935
1705982400,127.0267793312898,127.34947031675291,126.6518884691119,126.97444651151153
1705986000,126.92405859669952,128.42526766021342,125.965927155776,127.46306732005606
1705989600,127.47756683323219,127.60861659392033,126.79300447081381,126.92348462272376
1705993200,127.0170409464511,127.75883472755224,126.76270492419545,127.50352458157484
1705996800,127.44456073551144,127.83095266823707,127.09723212697904,127.48351788856887
1706000400,127.61062553536745,128.63183842961456,127.305291976886,128.3247960774331
1706004000,128.19734333523812,128.52815004883666,127.02418039389204,127.3528078266346
1706007600,127.39033057899583,128.10273975856492,126.49058570600015,127.201941350224
1706011200,127.31935707200465,127.73856681978569,126.1762421859225,126.59306054096804
1706014800,126.6766442882946,127.3486855065679,125.74894742128548,126.41962510894602
1706018400,126.66213365471195,127.70501209240149,125.74613773540652,126.78810517158303
1706022000,126.69134708629055,127.60122224936669,126.03028464096138,126.93886826393847
1706025600,126.76392128553223,127.79495487757046,126.02086546365277,127.05022084510564
1706029200,126.92395313658855,127.66030743884392,126.47229131898895,127.2076361287671
1706032800,127.2916772155573,127.81825363732682,127.02205189612498,127.54808520237538
1706036400,127.61161013316729,128.0255934820463,126.85604559871864,127.26891722148537
1706040000,127.28193198124896,128.85351855961378,126.29549973974633,127.86258625991181
1706043600,127.71908265662583,129.12160976987192,127.0354433167146,128.43414294129695
1706047200,128.53267265964593,129.2420193593048,128.1544552658709,128.86283045053193
1706050800,128.7051081277727,129.9171275949903,128.17015733212898,129.37937427490036
1706054400,129.52940536912843,130.64922774328122,128.64231141534316,129.76055076912925
1706058000,130.13186380212238,131.79291080621388,129.39283128440283,131.0486716405199
1706061600,131.09670337660413,131.87462583064746,130.45110849911927,131.22838249016547
1706065200,131.30492514177735,132.24981378370194,130.34544415928423,131.29022703154786
1706068800,131.22553530387933,131.97444953894882,130.36688530318128,131.11516967309714
1706072400,130.87803794062302,131.59775042120796,130.0725822935583,130.7918206559735
1706076000,130.71301364477966,131.01736281418448,130.05239765170177,130.35591536169161
1706079600,130.21352782364767,130.44071407162022,129.87674434958168,130.10373904679372
1706083200,129.9156144823621,131.2853518445733,128.90798964947749,130.27494008418253
1706086800,130.49951376526863,131.33341417088744,129.82195916871686,130.65505201838928
1706090400,130.69070774921082,131.3968311301852,130.17973532887495,130.88509868331187
1706094000,130.93480356533541,131.60560164727318,130.01553011319496,130.6850486643742
1706097600,130.64467030077017,131.54286284808992,130.4574978075454,131.35467314534324
1706101200,131.33196768342805,132.83109246145347,130.44483456776834,131.9398531458052
1706104800,132.06717721655977,132.39952674414621,131.7165491416761,132.0488525549079
1706108400,132.04458254452956,132.92027871786894,131.01966283638131,131.89436277896797
1706112000,131.96437689414446,132.999033776917,131.33878008921369,132.37150691143503
1706115600,132.34556406970546,133.0452697975878,131.95699695156253,132.65579184941308
1706119200,132.6104110507879,132.7710645374181,131.9103091335466,132.07030830209555
1706122800,131.8846273636894,133.09931330740037,130.99957158991887,132.21206018647783
1706126400,131.9508363111955,132.8217301518114,131.65589703218703,132.52550635825128
1706130000,132.49084726781481,132.67138404073017,132.04034551842705,132.2205139254496
1706133600,132.22798415811977,133.32253597371357,131.3961188536418,132.48902840227504
1706137200,132.3187398134203,132.77527949968606,131.429163261143,131.88420366622918
1706140800,131.87965705447996,133.2471013526618,131.38836075146597,132.75255321637167
1706144400,132.75968919813752,133.94056577107133,132.39732519625113,133.5759737424703
1706148000,133.28829310597928,134.53379461971107,132.353375782581,133.59671395556876
1706151600,133.47451223163628,134.35623585834423,133.0632363251207,133.9435148110465
1706155200,133.9980762781327,134.329232154373,132.47791078062468,132.80612092038953
1706158800,132.85753463823124,133.27799526646945,131.9179205597626,132.33673298195677
1706162400,132.18414744657343,132.64164832428895,131.8639912253434,132.32116025160195
1706166000,132.34212794258468,132.7687442456413,131.46551603107133,131.8906770430823
1706169600,132.02559198150033,132.6099934170511,131.81691846207266,132.4007269766713
1706173200,132.50365198629729,133.87466751704343,132.22410767965624,133.59282537020061
1706176800,133.58009647914665,134.10364632643254,132.5697779942231,133.09141250812368
1706180400,133.02914345092134,133.98113565182044,131.81799426934484,132.76811850578468
1706184000,132.68458791022442,133.1978037569822,132.49869212847477,133.01145002988855
1706187600,133.07368997496968,134.32012175163717,132.7425064290444,133.98666606117578
1706191200,134.0128099423771,134.99893244696784,132.4621478765225,133.44408546771865
1706194800,133.5281021471464,134.65090602925318,132.56268025273346,133.68435441489433
1706198400,133.7019850429492,135.54177599169162,132.93237558185098,134.7660416549197
1706202000,134.87642841574123,135.2383443428906,133.61874817454847,133.97825401697
1706205600,133.99092795879938,134.51867453325755,132.86341114261475,133.3887860765407
1706209200,133.49349582874117,133.82436572714954,132.9239654264149,133.2542423237756
1706212800,133.3703336924064,133.62375327269606,132.81141223695425,133.06425022205372
1706216400,132.95723954146231,134.0699299977525,132.47061753896756,133.58102494768133
1706220000,133.3397094449882,134.46296126328113,132.6689105369576,133.78989757078054
1706223600,133.99656077244663,134.46816551757243,132.4507381671696,132.9185488182532
1706227200,132.95266790257418,133.967289101525,132.25123995943773,133.26421749382413
1706230800,133.0359336232141,133.4448572340177,132.61503192616564,133.02391860541002
1706234400,132.92899742103958,134.22491815867775,132.47425347622908,133.76730639767666
1706238000,133.87059780150585,134.74540402396266,132.61893885890004,133.49126625777436
1706241600,133.45393706374213,134.40789291253796,132.25473661194988,133.20692678107335
1706245200,133.1387341139897,133.98138570905752,132.70546891017946,133.5467925856298
1706248800,133.7340069668644,134.67235511049898,133.06525527278606,134.00226197756808
1706252400,133.86199659290023,134.68171093892892,133.4674870854167,134.28595197727512
1706256000,134.17881395577862,134.3630874225038,133.23927410355216,133.42250890441343
1706259600,133.4507155994147,134.56940672707017,132.6279919017763,133.74486957012306
1706263200,133.7971011104513,134.09105660391927,132.9306623623321,133.2233573267178
1706266800,133.28949822506766,133.9062384267058,132.7590076660941,133.37540595602266
1706270400,133.49699809141575,134.08562886860764,132.0555323635133,132.64038606549167
1706274000,132.66672822581157,133.2002437677611,132.36274880692002,132.89573961482446
1706277600,132.96079257198318,133.18175844511805,132.26169450358745,132.4818644520882
1706281200,132.4475283764375,132.90263015026608,131.3610597153212,131.81398457493023
1706284800,131.82224934719684,133.21035900641138,130.8116998053652,132.19693710770082
1706288400,132.21115356130196,133.0288872428498,131.50964790609777,132.3267681425588
1706292000,132.35523444511975,132.8409611609651,131.515696789966,132.00012028243134
1706295600,132.10213503010831,132.93135068567162,131.93405147757787,132.76242699366185
1706299200,132.83614994332711,133.5271520345673,131.82908728356634,132.51843665794667
1706302800,132.52429635559287,132.74240530458718,132.30311706658176,132.52122095406952
1706306400,132.4140379587604,133.2819592165994,131.7787407622757,132.64555126361347
1706310000,132.6545278586692,133.485429864063,131.46625608051139,132.29490553626596
1706313600,132.29119897798486,133.0435758116051,131.7666514838389,132.5181285197146
1706317200,132.5437310540253,132.95407060158342,131.7961029710187,132.20539507081625
1706320800,132.49743169539403,132.67387715207522,131.77797922920138,131.9537006048241
1706324400,131.88460494521195,132.79217226572212,131.72984559832724,132.6365305753715
1706328000,132.69255335383792,133.22467517194553,131.5139372006341,132.0434560176998
1706331600,132.18461483967687,133.1341520351648,129.79050542163026,130.72959057120553
1706335200,130.74240294911945,131.88110832596988,130.3882950669813,131.52488114900518
1706338800,131.83272565662804,133.48523647834233,131.17113781693354,132.8187006331246
1706342400,132.76849943521907,133.53724773248996,131.77806872254052,132.54552597207905
1706346000,132.5884895101471,132.77753538140098,131.27375438404283,131.46119294562763
1706349600,131.3562229203835,131.62835395295642,130.96100238787585,131.23287788621704
1706353200,131.18675439082568,131.6221550365525,130.57904159900573,131.0138684470813
1706356800,131.0464863013466,131.79222627941476,130.09726180158424,130.84183719274841
1706360400,130.95261604076708,131.48601823216802,129.65423413160676,130.18450762865515
1706364000,130.22605546100615,131.20750474847745,129.42655011183425,130.40688919492237
1706367600,130.57118986056074,131.52092138888523,129.64763567130154,130.597183342915
1706371200,130.58478172970717,131.40858965890325,128.9137279504022,129.73215700620625
1706374800,129.6890712226075,131.0379660038425,128.65859682020712,130.0049814638187
1706378400,130.35698869424726,131.80461064262545,129.5382780443968,130.9819747506723
1706382000,131.033622956682,131.94630547094962,130.06138974191742,130.97365456105564
1706385600,130.87945532495914,131.77291236967113,129.8030362265812,130.69523568403054
1706389200,130.60453020840237,131.4027668562798,129.71810546224697,130.51579980227464
1706392800,130.39282315218793,131.59294204608173,129.53058591165956,130.72848520241155
1706396400,130.85097884853343,131.83795933434027,128.73667284705073,129.7150855365541
1706400000,129.66782891498167,130.24654803155758,129.1068273226615,129.68547011543657
1706403600,129.7019882298388,130.411199890508,128.65766176146045,129.36503093656097
1706407200,129.35681539580935,130.8020841454353,128.76118184288933,130.20255631245365
1706410800,130.29783333685228,131.2043490988337,129.08219459719456,129.98654464313793
1706414400,129.8765258897451,131.25274284294028,129.35448495744444,130.72728228067615
1706418000,130.5867512280129,131.46665617080987,129.14336917015524,130.01945159846747
1706421600,130.0486178821794,131.0485339507895,129.19088456050937,130.1898690098459
1706425200,130.2681313342811,131.2755212004873,129.21070867992975,130.21770861704238
1706428800,130.26101741328307,130.61825107547983,129.26922362572324,129.62471225609013
1706432400,129.5198295039654,130.34574810517293,128.74694108892967,129.57254511832386
1706436000,129.66035829628248,130.87384531814905,128.8437007651213,130.0547040254601
1706439600,129.95799738535527,130.93969352817973,128.75586921513406,129.73588755150132
1706443200,129.66824291370722,130.6210862579251,127.7627591840824,128.708550403584
1706446800,128.58711283849473,129.23193619420033,127.8998917350311,128.54450140800446
1706450400,128.71186702015387,129.3623861020766,127.27765653221522,127.92419466108566
1706454000,128.00525027007683,128.283154609266,127.31258319057298,127.58958510464382
1706457600,127.66679931312491,128.66575868611486,126.3891098782879,127.38587106105098
1706461200,127.5448472922083,127.90007528286199,126.00431889744321,126.35623646163927
1706464800,126.71213250587971,127.48167474059504,124.61596400216008,125.37740020267776
1706468400,125.16328491525753,126.27609964493548,124.34089141189817,125.45181036633596
1706472000,125.35921387727929,125.87174609281642,124.50906826676395,125.02021448037439
1706475600,124.94320386764039,125.25285761162812,123.26784174214917,123.57410236515858
1706479200,123.4690078086432,124.07735674340849,123.18222354275134,123.78982730279833
1706482800,123.65650530435008,124.6152818246166,122.79146968309523,123.74959499702258
1706486400,123.71251860701048,124.27853992521118,122.65619965644882,123.21996740740815
1706490000,123.07014869074531,123.27087104190994,122.19515219090091,122.39477303214169
1706493600,122.43578733705381,123.3623103109121,121.6988296439307,122.6242184253834
1706497200,122.63055805551521,122.96793892427445,122.2757525719792,122.61308536993181
1706500800,122.67207996657832,124.48284776646176,121.79684371798693,123.6009840074519
1706504400,123.66375567781597,124.05539910148029,123.2290125883451,123.620519081601
1706508000,123.69508558162718,123.99218828948135,123.32500465770131,123.62193165745146
1706511600,123.57577874087517,123.7727596573313,123.15076329685466,123.34738014386764
1706515200,123.60929530710042,124.17551462569948,122.9907249732902,123.55670338311869
1706518800,123.58567231451843,124.18347452812816,123.07215368740829,123.66960713813486
1706522400,123.4394887429986,124.86811560679239,122.66685814514209,124.09140454730432
1706526000,123.9670806531657,124.49421571860645,123.10716004748096,123.63287399331008
1706529600,123.41787776164946,123.83832689998758,122.79686103421098,123.21662456089885
1706533200,123.21876049390363,123.56766481506754,122.43096338277702,122.77862141298141
1706536800,122.76366724625754,123.32594126633677,122.40187937746575,122.96356429549999
1706540400,122.90597849046709,124.42182461576485,121.98480613212531,123.49622837273706
1706544000,123.7448200291096,124.0115582024808,122.79716155010153,123.0624287949014
1706547600,123.13000650855861,124.10485570217845,121.67437138312485,122.64538370412927
1706551200,122.73446865458014,123.13807312261576,122.18696814887423,122.59009786277382
1706554800,122.47601059282758,122.67426638728548,122.0614707607482,122.25937588174322
1706558400,122.137282055782,122.84961624822826,121.80252420344628,122.51382635098824
1706562000,122.51833561649573,122.69095178002594,121.03350823378368,121.20427301364955
1706565600,121.22524403225295,122.01687013720267,119.8054967753239,120.59299415683631
1706569200,120.36934363361961,120.92158258087373,119.45435915238708,120.00492619968728
1706572800,119.98329041931711,120.38630305324887,118.28761980651278,118.68627589012965
1706576400,118.68794606499132,119.35667516542433,117.35489537479138,118.019860247749
1706580000,117.99447110459668,118.63335519868549,116.74345082519382,117.3790024484376
1706583600,117.28356631191619,118.17247073173962,116.18732909288603,117.07465011499521
1706587200,117.01150125939358,118.29290001265052,116.10714000497143,117.38564705139487
1706590800,117.36488815627517,118.04147167083678,116.38425646585807,117.05907704467347
1706594400,117.06970649420273,117.85696649467825,115.58384389556683,116.36637418920917
1706598000,116.43677287893239,117.19908160183036,115.36830618890278,116.1285972937324
1706601600,116.25418346676041,116.92132457459539,115.73811664609512,116.40459008021293
1706605200,116.3703316963007,117.0605483405096,115.052845672645,115.73931965316532
1706608800,115.68653648497123,115.86559761628983,114.9292871541441,115.10745197089258
1706612400,115.15784042590603,115.8840427628622,114.4271297731914,115.15330349962085
1706616000,115.22366579770969,116.11467093832498,113.95184423416252,114.83988163670094
1706619600,114.79002893415463,115.10906088728099,114.60695912463065,114.92577458743011
1706623200,115.01664707778026,115.804834363646,113.92162924075028,114.7076993664986
1706626800,114.82012040132481,115.68481467466944,113.95318467308927,114.81786193826436
1706630400,114.96626644195648,115.2632613535968,113.83748115422152,114.1323217179188
1706634000,114.33546618625405,114.86983337500573,113.38353801596202,113.91594449528466
1706637600,113.817288627213,114.6703500680088,112.7581174821546,113.60962246347948
1706641200,113.61120144476715,114.48845965643845,111.9780775049378,112.84945381983577
1706644800,112.85072650891603,113.06459857529791,111.72652778163426,111.938671342324
1706648400,111.92769365568792,112.42456851168838,111.54232329573465,112.03881555574635
1706652000,111.96609651669128,112.62524232512392,111.01770772885052,111.6751406766192
1706655600,111.50936349755136,111.79381379175689,110.731149514371,111.0143370408876
1706659200,111.02462626493823,111.38805365486498,110.40467622484422,110.76726115726865
1706662800,110.6821851937504,111.19273432010927,110.55345767063906,111.0635632400589
1706666400,111.0731143931087,111.30355242609707,109.62500302502787,109.85290955789935
1706670000,109.765716186776,110.30755340077677,108.45913162896932,108.99717508858157
1706673600,108.87738131350594,109.4840058480869,107.79309381940826,108.39704208128987
1706677200,108.42244230601854,109.43684174045815,107.82152362473175,108.83364402184696
1706680800,108.85007060110168,109.55199281708398,108.05728884135065,108.75862134467253
1706684400,108.8216415047022,109.32063834426194,108.39647862729136,108.89518812242966
1706688000,109.13347850876511,109.45154093969663,107.88848564629092,108.20383870242071
1706691600,108.2338466543829,108.35388501473147,107.40719174830309,107.52644555492184
1706695200,107.57861732590214,107.84179860012311,107.26299686421,107.52604953612837
1706698800,107.41024602719918,107.75253183557803,107.01691391924994,107.35903653759624
1706702400,107.22096425684538,107.64501352304676,106.97999071566541,107.40362945134159
1706706000,107.57376569153209,107.6965085738209,107.01085361023955,107.1330936807843
1706709600,107.03420410329889,107.28853950695135,106.80920394282546,107.06347780924699
1706713200,106.95176784593947,107.55740328749353,106.33794936128768,106.94353820085622
1706716800,106.93935690562408,107.66891526296538,106.36112533183528,107.08986985094371
1706720400,107.08021159269094,108.0597454681069,106.27177896646432,107.25003074372033
1706724000,107.15328055856074,107.85911829514662,105.67320696216929,106.37391085173749
1706727600,106.34147460410276,106.8704482374696,104.71816204520105,105.24166490307101
1706731200,105.37112601225468,105.69173340965192,105.16429361566398,105.48467812225668
1706734800,105.39969239943592,106.33178509313537,104.87812173359518,105.80819296114876
1706738400,105.66083370312153,105.81205183524195,105.05005380681868,105.2006132873916
1706742000,105.29982146354266,105.7227260043871,103.82864871079802,104.24732622628889
1706745600,104.29865949763662,104.6878823201303,103.72811231532815,104.11665593503359
1706749200,104.05206965187428,104.75091318998808,103.63641319619333,104.33412998881965
1706752800,104.1691864881861,105.22706992816173,103.86097263375545,104.91664450882085
1706756400,104.83855020387053,105.5734721082842,104.23040136496478,104.96459212375424
1706760000,104.95885025190736,105.68166105305295,103.92114163971299,104.64176882432554
1706763600,104.76381793448085,105.4321711724607,103.44003569471346,104.10418069848359
1706767200,103.9963240920277,104.55730778894295,103.38569774247088,103.9464122014381
1706770800,103.93762703426117,104.4332446280778,103.16733461285061,103.6616361680687
1706774400,103.73164639902097,103.85794893760436,102.95825856938701,103.083772263381
1706778000,102.83859427621577,104.40382392589862,102.21533706867983,103.77489224892831
1706781600,103.88222876906018,104.86485209055263,103.38204824345942,104.3623597914179
1706785200,104.23902938978766,104.9859250313397,103.93723787003765,104.68284857190588
1706788800,104.71760857563702,105.06264202430772,103.80266465054383,104.14581409686166
1706792400,104.17150828333298,105.13986188811471,103.38509178430293,104.35208219195545
1706796000,104.46532243853632,105.03174268612545,103.90428769331545,104.47067917237418
1706799600,104.5282504738794,104.98100278356789,104.05633029588539,104.50899922094638
1706803200,104.26084605375064,105.44823524846124,103.70342042629073,104.88745946237803
1706806800,104.80517825142137,105.42018347901471,104.39683670632799,105.0110398567017
1706810400,105.02555392398479,105.63227538883392,104.57486029424211,105.18091506158373
1706814000,105.16040889795275,105.62911388912084,104.84154520805912,105.30979722918816
1706817600,105.3601063314205,105.78986737139586,104.88665131690921,105.31623340037885
1706821200,105.3993993326786,106.01062579841403,103.82807219224142,104.43369841773892
1706824800,104.49726061818762,104.6309746310933,104.20367780152677,104.33718698525611
1706828400,104.31483253559328,104.99967942410203,103.29398868374408,103.97661510996619
1706832000,103.7848163542545,104.09418402837088,103.0121175247281,103.3200999457847
1706835600,103.27305029356019,104.49387174854748,102.67634702013801,103.89358308718364
1706839200,103.93685007284945,105.06697819068104,103.36529331008711,104.49236659965042
1706842800,104.37848528764569,105.52607116258662,103.79726451177885,104.94171410542998
1706846400,105.00798207212608,105.55999878654832,104.37946444656455,104.93107687788556
1706850000,105.02643887133674,106.19659092770416,104.21629507849363,105.38369139149968
1706853600,105.39706194990063,105.87750488030287,104.79574097197947,105.27563036754695
1706857200,104.95358260445482,105.89531667296161,104.31061241836893,105.25052733403409
1706860800,105.11609378715497,105.74028842739109,104.06220478412894,104.683832594588
1706864400,104.88147243917467,105.15981455137594,104.46743377131615,104.74541480382698
1706868000,104.68818311705475,105.00048271516825,104.35642156391353,104.66866293056083
1706871600,104.4611912072051,104.87570571657221,103.61314096370307,104.0259282977501
1706875200,104.1545054499432,104.46112438967621,103.60276483577745,103.90866003475419
1706878800,103.9100478056427,104.28071590404376,103.41217395279918,103.78238665813879
1706882400,103.89712339615829,104.83058376328763,103.5088884907237,104.44031908532305
1706886000,104.46924874371142,105.27352406752702,103.92318255579845,104.72611522517722
1706889600,104.77414935451645,105.04019504912462,104.37962743838588,104.64534607179594
1706893200,104.68334019584226,105.37739524912433,103.9728419172765,104.66678722364007
1706896800,104.739816549965,105.16534871071028,104.1804674074557,104.60545368486652
1706900400,104.84395681423112,105.46711876106471,103.82295192086882,104.44373506618389
1706904000,104.54519984818529,104.70934599137564,103.75575543956676,103.91891825968295
1706907600,103.75482080627039,104.23077172583184,103.30973775869647,103.7855568281695
1706911200,103.8319241967351,103.95626673921316,103.28501708432539,103.40885298348819
1706914800,103.52695959580953,104.12031090029701,102.23947882249104,102.82882888158693
1706918400,102.95257559723882,103.32875703577515,102.60192215784257,102.9780169439017
1706922000,102.93409537797343,103.86893191877756,102.1471879246606,103.08090216141512
1706925600,103.20105565827909,103.53840644171629,101.9574364104746,102.29181500486972
1706929200,102.38675949398092,102.8932300656463,101.68413887286023,102.18963433708599
1706932800,102.45285738106682,102.83556989335423,102.16581387559566,102.54825909964507
1706936400,102.47137656189335,103.48707379602486,101.92409862234992,102.93730741836676
1706940000,102.88509021788867,103.7581642657979,102.44584326736755,103.31707305249415
1706943600,103.2854505687709,103.66400575462393,102.91420156932023,103.29273058788833
1706947200,103.2421066129269,103.4925539419954,102.65731904006297,102.90695334580862
1706950800,102.81540476814601,102.99848295775914,102.24545879553824,102.42784688042812
1706954400,102.14526250095689,102.72675713782807,101.95740163921118,102.53817365199178
1706958000,102.49361004845798,103.48657786899524,101.67434991257039,102.66594024953686
1706961600,102.70386774600676,103.57196197524544,102.30474253373093,103.17102132237883
1706965200,103.12014766786969,103.70905321925927,103.01563457787584,103.60404969071577
1706968800,103.80475717912365,104.60099172834228,102.73637329953245,103.5305041907832
1706972400,103.53188900467913,103.64990080876758,102.8835881240671,103.00099478335002
1706976000,103.13405793604436,103.53938539404957,102.45298408171213,102.85722355210805
1706979600,102.88411604491142,103.5573120140004,102.26451259836412,102.93738774698559
1706983200,103.02249111686105,103.78508365567936,102.08681482995267,102.84811661475382
1706986800,102.87684009286416,103.49309335601342,101.99306835141599,102.60770946720412
1706990400,102.7482534883425,103.18445889794818,102.2757096277778,102.71176010911078
1706994000,102.71750589892864,103.52086919604015,101.70654531505173,102.50827217548715
1706997600,102.55914126962593,102.68992834600955,102.12715201455049,102.25755449672032
1707001200,102.29502166895753,103.20443370356053,101.48604753258373,102.39467151177386
1707004800,102.3651568715125,103.07615872443581,101.5327779529721,102.24293085566273
1707008400,102.28434582049252,103.12669705130901,101.5169564808685,102.35874949734645
1707012000,102.58771418191385,102.87325754046903,102.20451044040271,102.48978121164598
1707015600,102.4620720346175,102.66670995150226,101.84208472391285,102.04589144221077
1707019200,102.088705089914,102.6648127805665,101.30000518680274,101.87490636701509
1707022800,102.00312309711413,102.96363692652734,101.53278505774107,102.49104905273396
1707026400,102.60798146129561,103.08635790167732,101.5715493726502,102.04731187288697
1707030000,102.04850750882429,102.81104806658085,100.46501790479503,101.22137787344849
1707033600,100.9804152527876,101.51970786014958,99.97082309911039,100.50759055480249
1707037200,100.55953652929772,100.87915452873973,100.2400139471444,100.55963164436336
1707040800,100.3366896290231,100.99788097972734,99.95536346207831,100.61549522163651
1707044400,100.76350243808122,100.95842649585256,100.42002278793964,100.6146589122497
1707048000,100.63171191297255,101.39164151865769,100.39560996337467,101.1543134422497
1707051600,101.25548534243049,101.45834569430349,99.93032243082138,100.13092979132283
1707055200,100.0406412955336,101.0146126596221,99.37316619636105,100.34510615888885
1707058800,100.18944049898474,101.63222587168264,99.59490490983481,101.03268636519998
1707062400,101.0590345161599,101.53526663875752,100.1653614623451,100.63961711604344
1707066000,100.63623533553252,101.00059635671704,100.18740823254004,100.55146232670207
1707069600,100.5020493230879,101.07284669537965,99.74681245193125,100.31655632414926
1707073200,100.3250496118076,100.99625804678037,99.35932669709503,100.02855145937954
1707076800,100.30575746091547,101.02481257476008,99.2545698244545,99.97122681100669
1707080400,100.05469017509323,101.1061559715423,99.57151471028061,100.62024935719323
1707084000,100.72590560195812,102.12627647946408,100.04709399666214,101.44263469642712
1707087600,101.52828201360575,101.9931944008526,100.92518643618847,101.38946315220193
1707091200,101.5395760405082,102.69364043682288,101.10075137594546,102.25173801429182
1707094800,102.23230470231,103.07846128033543,101.51074674546639,102.35603006702331
1707098400,102.14592878474849,103.55216212134415,101.76751718391793,103.16995688802655
1707102000,103.15050229930512,103.61715426050215,102.76148165503783,103.22784193838983
1707105600,103.31166968234078,103.70544550619843,102.98785171135312,103.38140894589851
1707109200,103.2811982147127,104.11516089932803,102.80291206439782,103.63523523469415
1707112800,103.61695911961738,105.57412896105353,103.1181522348279,105.06833522392445
1707116400,104.99567726285595,106.13048625978404,104.40526262878939,105.53702748995335
1707120000,105.69566630263908,106.11987756852473,104.92904780253056,105.3518792736159
1707123600,105.43086557334489,106.14477961107616,105.16466728810946,105.87745375274422
1707127200,105.9464596923197,106.695278085388,105.09548594186522,105.8435771721415
1707130800,105.90939013128892,106.27181270725872,105.39650637624277,105.75841230517509
1707134400,105.75447295673496,107.0616909025225,104.96548071923964,106.2688610194206
1707138000,106.2898571744449,106.67127493421116,106.02929042420627,106.41041264545044
1707141600,106.28437137101623,107.18527275052452,105.76140950209138,106.6604603723996
1707145200,106.42750822534806,107.30873092674561,105.92130646615955,106.80075389705814
1707148800,106.81678387779344,107.81026052488734,106.09037260733594,107.0820453346256
1707152400,107.11674449472707,107.61654635592745,106.90551459061105,107.4047485194791
1707156000,107.53470783810718,108.32719134223028,105.93162345482222,106.71808883604061
1707159600,106.88591060890307,107.65424536446207,106.38140940955331,107.14850472163411
1707163200,107.31685983577258,107.86447262582213,106.33080447329009,106.8761685188087
1707166800,106.76955679042543,107.25761795038956,105.92457341885157,106.41099553650093
1707170400,106.3735172649691,106.67189140254114,106.24031907535891,106.5384866425082
1707174000,106.58967302377695,107.2075158817749,106.1121902330172,106.72940713325896
1707177600,106.99997820396986,107.30437683930853,106.28790239581426,106.59113794290161
1707181200,106.74902021318249,107.47068180796823,106.3861998005115,107.10664589097001
1707184800,107.22660789644924,107.82104124297267,106.10405399331191,106.69554327092592
1707188400,106.65417604570892,107.16511121158089,106.17595152881259,106.68674067878068
1707192000,106.59255658656409,106.78053983843192,106.41640945671695,106.60437318133708
1707195600,106.68850739445138,106.91531000522079,106.52727023497928,106.75397390693352
1707199200,106.63653858316268,107.29147466026654,106.39131678642578,107.04531284465624
1707202800,107.01979239349454,107.26981160718816,106.53914540881134,106.78862456915239
1707206400,106.77636829323617,107.83951269371174,106.21492690532693,107.27544709690042
1707210000,107.4464636244332,107.72324629046082,107.20527841340801,107.48198135274653
1707213600,107.44386454420817,108.2144558047147,106.08585891647259,106.85220678626138
1707217200,106.59188520321575,106.85498857821275,105.93773555260982,106.1998713100613
1707220800,106.25345678104182,106.55271992509323,106.07942210657474,106.37848047180782
1707224400,106.30414557314421,107.22964257863869,105.54617340351369,106.47048437639472
1707228000,106.4750234189674,106.9416540614648,106.14843332149516,106.61463573211721
1707231600,106.60539214275778,107.21793425439975,106.18132032665622,106.79311568186725
1707235200,106.76388997915755,107.90826045076157,105.9404003777297,107.08231478003528
1707238800,107.16697973166386,108.50426496419367,106.35137637315137,107.68472128978628
1707242400,107.51978161000328,108.16537534623475,106.75930338289785,107.40420313764349
1707246000,107.3486879890988,107.50784021922675,106.94130512306516,107.10008878681197
1707249600,107.17337437024159,107.72567958833905,106.28159510751038,106.83214182433083
1707253200,106.7665579716028,108.00642162280037,105.92058828680032,107.15735543648593
1707256800,106.98509856527093,108.72009182241649,106.1689719844887,107.8970088130987
1707260400,107.96916805339721,108.15725222795336,107.72933962652316,107.91733350439054
1707264000,108.03860296797573,108.44609985067187,106.64524002588229,107.04900436916141
1707267600,107.04418778534425,107.3876665959008,106.18668401469222,106.52850813444505
1707271200,106.31982684091953,106.58492717030015,106.1169583250409,106.3819401362447
1707274800,106.45706908383775,107.08128949566118,105.73039748257355,106.35401361959511
1707278400,106.17762431498156,106.70130452807233,105.86791070941437,106.39096861030559
1707282000,106.42382713755926,106.98368979132832,106.06048974009946,106.61968372759694
1707285600,106.52510458927264,106.87470812847744,106.35120106314506,106.70051823744025
1707289200,106.57683452505631,107.84718364439595,106.09875504775566,107.36556609637825
1707292800,107.31813065910022,107.54426874596169,107.06681073730135,107.29289564958049
1707296400,107.27323092628883,107.70496630774288,106.7103125069701,107.14151779139954
1707300000,107.0725185689998,107.78244494883849,106.85800996126567,107.56694580777204
1707303600,107.63028946487655,108.45656173267106,106.30593550209936,107.12835444019278
1707307200,107.08057841821473,107.73399875682074,106.8648241451895,107.51736441341994
1707310800,107.62280361939584,108.28639282263553,107.12201210508398,107.78484728510547
1707314400,107.81515775287043,108.20266578764453,107.55868071853128,107.94587778880054
1707318000,107.87060562020064,109.02822282374778,107.70507465667255,108.86117180409396
1707321600,108.76694537672684,109.08151051605536,108.50414699788622,108.81858736189874
1707325200,108.63945674098696,110.10232439857246,108.48916287935339,109.95021720633211
1707328800,109.98218802965198,110.3007190196223,109.76488723721356,110.08321861280838
1707332400,110.04419139401874,110.53437104116044,109.26549940255764,109.75438815330148
1707336000,109.49433785156896,110.63028434058958,108.88525275156036,110.01828467704414
1707339600,109.95936202994444,110.13654820439014,109.60200742429974,109.77890281060216
1707343200,109.68003283277186,110.13108748577409,109.2317562398913,109.68279958481723
1707346800,109.85576054393833,110.64997127962046,109.2989314470782,110.09194502758098
1707350400,109.90464233101541,110.86497298810109,109.61454026450338,110.57310645722893
1707354000,110.41384662402345,110.93317785074352,110.01585451677074,110.53474994157287
1707357600,110.6575082749245,111.3775265064848,110.49120729280574,111.21039462238735
1707361200,111.36138319324137,112.25105799944407,111.07842309899807,111.96656020031558
1707364800,111.88317808624116,113.33540901217009,111.40574230302488,112.85383118961805
1707368400,112.78252042251012,114.23549127844821,111.88780594518389,113.33638295688004
1707372000,113.40624637171909,115.1120481323564,112.5019613570929,114.20142249824747
1707375600,113.93597337423483,114.83120839605085,112.69692936109561,113.5894415605528
1707379200,113.37822622658817,114.13961953516944,112.92906651222614,113.68922775568677
1707382800,113.65731587171427,113.83516259436486,113.36170279298413,113.53936495043871
1707386400,113.71547498144379,114.20943962696832,113.34419235670505,113.83775774727974
1707390000,113.78816601614912,114.12507224580175,113.485034270469,113.82185076393239
1707393600,113.8333401562193,114.11560915547341,113.70825028961438,113.9903467565097
1707397200,114.11966108258335,115.28980014422194,113.9294652301923,115.09797380134673
1707400800,115.34072760252091,115.82196874284853,114.78512405946383,115.26605363434228
1707404400,115.19958176123997,116.09451373636789,114.810479363087,115.7037085806925
1707408000,115.70176052571568,116.10489274069461,115.43998806341665,115.84280117729908
1707411600,116.05406556728379,116.8227277263192,115.35626731108357,116.12450593334445
1707415200,115.94787576184594,116.78115343803078,115.54208032286462,116.37386711062014
1707418800,116.49351215553384,117.64313690707041,115.68235909452007,116.82964333941672
1707422400,116.71073445262252,117.93939822643708,116.39715136864558,117.62336305531409
1707426000,117.63541681733122,119.21611168305834,117.07444240218733,118.65029755091963
1707429600,118.62151422058734,119.31913586415634,118.34999259700734,119.0466411358994
1707433200,118.93264768490938,120.11141659789234,118.40136314127733,119.5772525371436
1707436800,119.45975367581222,119.70670871073261,119.02946642303765,119.27604167646832
1707440400,119.30901584475598,119.73618372394068,119.05476232232401,119.48156249590384
1707444000,119.60057031901394,120.8148595940702,118.96841389329693,120.17964244577544
1707447600,120.164051806621,121.18875166059794,119.82200455734929,120.8447667546642
1707451200,120.85323986001238,121.46219761399709,120.58656865572054,121.19477279318079
1707454800,121.26401587741479,122.78815113022289,120.35351983861051,121.87308199294789
1707458400,121.7547253266492,122.51930762205521,121.59631965844848,122.36011432898673
1707462000,122.45065667150233,123.8074763800612,121.84378671221693,123.1969079718774
1707465600,123.29788987176526,124.18476345692333,122.7013935583563,123.58686910622284
1707469200,123.90906238224254,124.25034041918845,123.31654168462711,123.65712582224899
1707472800,123.61062660385826,124.5859197836778,123.09524418340098,124.06862777213468
1707476400,124.01180720682139,124.21198266131098,122.66575569342952,122.86407852504652
1707480000,122.9585931428751,124.03874948002638,122.21483001280093,123.29296377841705
1707483600,123.39399493091584,123.7088816034678,121.43196317670882,121.74263577880389
1707487200,121.67751028384217,121.9639023378893,120.85416628223885,121.13929153214555
1707490800,121.09046253476608,121.98016117782117,120.70247060819324,121.59056684235728
1707494400,121.65638105315561,122.94731605623602,120.76627126000939,122.05429489090574
1707498000,121.95332646564155,122.75520209234702,120.91654167749917,121.71686249054173
1707501600,121.66690383713907,122.5950089142827,120.66973104411741,121.59730520577712
1707505200,121.60819993289213,123.17362441554452,120.93160396168348,122.49211059837234
1707508800,122.61416599966186,123.30576514305056,121.78866893105169,122.47950854572662
1707512400,122.40547998538712,124.34781234271378,121.87176553115332,123.80798267242703
1707516000,123.58009076559273,124.93990872419243,122.6734696188169,124.02998700174118
1707519600,123.79249909981095,125.0236375724681,123.22600728742302,124.45411809888405
1707523200,124.29747761458552,125.92010222996196,123.86424863856058,125.4827421087763
1707526800,125.31807036711893,126.45736874994076,124.63099837287237,125.7678308873905
1707530400,125.74838733077728,126.35486884197779,124.87585439214264,125.48104652493141
1707534000,125.331953243648,125.87503057703762,125.09781577054841,125.64031703759866
1707537600,125.55205369902897,126.3064022356531,125.0813492695344,125.8346383741987
1707541200,125.73726924768668,126.13878328797287,124.95820744861905,125.35851201180289
1707544800,125.30330276278434,126.30582912256699,124.43522197772177,125.43682332886321
1707548400,125.60282381503431,126.06151250340926,124.8111939797748,125.26866234457792
1707552000,125.35161108447846,126.7849966742074,124.5053765693508,125.93482494840423
1707555600,125.93685621987511,126.66887605194532,125.42092728089334,126.15206545942735
1707559200,126.09391944635095,126.99849750968112,125.30274265145536,126.20661361478125
1707562800,126.15194863046472,126.59363883948421,125.90633412956105,126.34764332619395
1707566400,126.38906010701196,127.59915274543783,125.44461134157231,126.65273366574148
1707570000,126.72674189035789,127.71067387500554,126.1737166237586,127.15577633673298
1707573600,127.04041988581402,127.39849445316956,126.47761040711993,126.8351062800677
1707577200,126.83973340498322,127.1809864794279,126.15080284704578,126.49111799709922
1707580800,126.23439703448076,127.59603904841215,125.8739295356107,127.2327207950924
1707584400,127.25966056754221,127.71360458448191,126.74767262164427,127.2014088506783
1707588000,127.29839226123177,128.06506423397244,125.89429206180466,126.65710177490863
1707591600,126.62163406125858,128.02576107132066,125.65333040418582,127.0541498701415
1707595200,127.28515691509647,128.18364917690783,126.56176201825384,127.45926477945393
1707598800,127.34699225154817,127.9620990958633,126.23396894847546,126.84665910167381
1707602400,126.87424369080229,127.65205535074486,126.3489608938168,127.12573134841811
1707606000,127.12117718287423,128.52809419695342,126.2570886165882,127.66034074117836
1707609600,127.64753734886291,128.89816793644343,126.7606932651333,128.008813847958
1707613200,127.99418043931263,128.87926671686196,127.60363644003523,128.48721832895876
1707616800,128.5009806933298,129.48708973277704,126.93624006529106,127.9178743808679
1707620400,128.02638946254842,128.71760706458645,127.5442667194784,128.2346998646331
1707624000,128.4114952181014,129.25908126141218,127.37711164099758,128.22345652618148
1707627600,128.22316799237777,129.2191721138901,127.12121362471406,128.11638830950366
1707631200,128.220886253639,129.46337896031665,127.46109971020655,128.70074893933588
1707634800,128.61046269142804,129.87555949475933,128.33641243299743,129.5994019500805
1707638400,129.69870734557372,131.33208548976498,129.03686020033345,130.66530583238037
1707642000,130.56577790141347,131.72465078177484,130.326654531195,131.4838460249991
1707645600,131.6273284191276,132.4860643567049,130.6938119978856,131.55205686426962
1707649200,131.84319289872474,132.25179801902257,131.45172327068528,131.8602776627954
1707652800,131.8441806300435,133.16119959514126,131.070716248456,132.3845650463429
1707656400,132.09462410018577,133.54141699085136,131.12100380227375,132.56433463147755
1707660000,132.4916996142141,133.04656191606182,132.19133179526443,132.74561844561248
1707663600,132.90924523535608,133.7921185084275,132.4108349184278,133.29227183986688
1707667200,133.36601309171894,134.10350467414546,132.62789524835435,133.36538334840648
1707670800,133.3985839377821,133.92385555584664,132.55349644378822,133.0775037733384
1707674400,133.21180256036595,133.508029987275,132.65800653551923,132.95365992223063
1707678000,133.01808538434895,133.54471703411892,132.85799794577423,133.3841889893799
1707681600,133.54671321075566,134.06035884378934,132.9615024654425,133.47487178290993
1707685200,133.59764817337572,134.48344414232278,132.85692093133244,133.74191700704233
1707688800,133.9455870658111,134.8557366337796,133.27346291665287,134.18242406275138
1707692400,134.23057682902956,134.51161386802147,133.7781691533549,134.05884664280018
1707696000,134.18025962090553,135.09766570696672,133.62276021813167,134.53867713172596
1707699600,134.49736300626964,135.29595550840764,134.01501547333353,134.81247787984393
1707703200,134.7314178371532,135.12475500403775,133.82181865574242,134.2136442256386
1707706800,134.44291132768538,135.87637488672948,133.62215097215264,135.05189673695907
1707710400,135.08109874527148,135.50897679913018,134.41205649255568,134.83916821592828
1707714000,134.94774133027573,135.59292562686147,133.36182882581568,134.0024939004262
1707717600,134.01907639689063,135.01920243182047,132.49609780287255,133.49229268020906
1707721200,133.4140203175016,134.05106317579094,132.35769753700475,132.99272875679188
1707724800,132.99418940966711,133.76873455328672,132.28677198776947,133.06096195749876
1707728400,133.25217395965592,133.45374744185008,132.7505302801279,132.95164915186288
1707732000,133.02548973314143,133.32438989484064,132.50647910617758,132.80488357930471
1707735600,132.57778597673672,133.38998988073533,132.3515209852975,133.1627265954785
1707739200,133.13406714126123,134.21544279941605,132.28817446520156,133.3680633836219
1707742800,133.60597640760952,134.5213707495263,132.64181922584282,133.55687716688627
1707746400,133.5283261778342,134.1004378196864,133.22051840920548,133.79202218244208
1707750000,133.55134922566,134.4741204301748,133.21280960915436,134.1341035883203
1707753600,134.3882664991206,134.8267016371034,132.5816578408372,133.01561476977668
1707757200,133.1064146060243,133.79025457705652,132.14311348986982,132.8255103028762
1707760800,132.8162111347111,133.52711964775534,130.96699830619525,131.67178117392288
1707764400,131.62288502006487,132.45106100797963,130.85851437378957,131.68632196574373
1707768000,131.82893007260842,132.7960731506087,130.7093807973317,131.6753975068013
1707771600,131.60405096320204,132.61994893155085,131.20064756843615,132.2146738061963
1707775200,132.3665773502294,133.5729247714107,131.62382706397918,132.82758761231852
1707778800,132.89962563170852,133.56832104235102,132.2460173094472,132.91463888401526
1707782400,132.9471646728569,133.3647331952793,132.20761756777858,132.6241716140016
1707786000,132.64347179871405,133.8297411789628,131.6682894219267,132.85301823639878
1707789600,132.8297752380766,133.05138629436124,132.31892881281027,132.5400565070332
1707793200,132.67871819012728,133.47266859344833,131.70972424504143,132.50262088079768
1707796800,132.3880102834651,133.79605478519483,131.58109000494872,132.98549278154994
1707800400,132.76997509332634,133.75344023040526,131.66190074322452,132.64443597619712
1707804000,132.72596308393742,133.6397326540491,132.11143336095816,133.02382381677015
1707807600,133.10782006094462,133.76541788325338,132.67503910262081,133.33190833409577
1707811200,133.39595518115564,134.30227193742465,131.86507315554996,132.76711747228552
1707814800,132.82126142989506,134.07673377610146,131.97178021077238,133.22467247228147
1707818400,133.18197542879213,134.133943907839,132.58236230029956,133.53275151200205
1707822000,133.63794765892365,134.48988979300384,132.6674353689597,133.5186167684185
1707825600,133.51253404891136,133.89639983606276,132.6573976612243,133.03990457757502
1707829200,132.97511481719226,133.6568176358055,131.82842580003287,132.50773256280797
1707832800,132.4664109964687,133.4011316372301,131.21131982572663,132.14376377600945
1707836400,132.41104866332466,132.83819234399272,131.9207526837592,132.34769198264752
1707840000,132.11827098006896,132.69758976432738,131.17848931984827,131.7562205673992
1707843600,131.82208721741878,132.90664287336466,130.81268410620018,131.89666866855765
1707847200,131.67538542831625,132.5427947773601,130.28573440535467,131.14968068338408
1707850800,131.13548668376956,132.08087822592313,130.00168926335283,130.94571267282618
1707854400,130.8889433220131,131.38654722619316,130.40508231366604,130.90263560119476
1707858000,130.62998424352998,133.13762719145174,129.58813999473384,132.08418491168678
1707861600,132.13558062150253,132.4088316154284,130.97916575379796,131.2505866161996
1707865200,131.20071587459063,132.52462866457662,130.59307365546744,131.9136844072104
1707868800,131.63706081081853,132.4516223530243,131.06379277441533,131.87730806058747
1707872400,131.98807453182337,132.85774729891074,131.105769893687,131.9753588770026
1707876000,132.16488028200436,133.13765667617218,130.9444993513616,131.91543978253293
1707879600,132.11215672042613,132.92041567677242,131.2166723578889,132.02439438641375
1707883200,132.0717938997732,132.78335890693162,131.1039937495337,131.8141707569683
1707886800,131.82024201212573,132.97874306507978,131.29401503444873,132.45000208247134
1707890400,132.62603330231332,133.23243685012747,131.46852718704605,132.072399364694
1707894000,132.2947828161427,133.13718953209695,131.69084361304266,132.53216664754768
1707897600,132.6824861464269,132.8340864106655,131.8976768660723,132.04855281119444
1707901200,131.92428264510016,132.5207546263219,131.2750481898999,131.8712805315721
1707904800,131.89783480838776,132.82003750961132,130.24221159398698,131.15925026303523
1707908400,131.2169095411626,132.0300801982432,130.4342114253018,131.24720139396203
1707912000,131.00990900012323,132.71959195086555,130.14917909189663,131.85332086015572
1707915600,131.915222147686,132.40771376902822,131.16346788773018,131.65498795204624
1707919200,131.9545790185471,132.57513668308815,130.77323910291665,131.3911470524755
1707922800,131.47525590861952,131.63754699014652,130.48318113157376,130.64444667465864
1707926400,130.83708179210777,131.3186912055006,129.88011276114162,130.35996591787418
1707930000,130.38381285677133,130.94718987932282,128.806825654823,129.36580395015386
1707933600,129.3563323495594,129.71677889255471,128.36741864238732,128.72610909203672
1707937200,128.7751980320995,128.93213467292526,128.51532281253233,128.67213385039486
1707940800,128.56720250346115,129.9321539622806,127.81728842703778,129.1786732644943
1707944400,129.0542340398329,130.9877056085936,128.5321303908117,130.45991511617063
1707948000,130.62522174338838,131.135933358176,129.4655810054764,129.9737455127967
1707951600,130.15223643453672,130.89730731255352,129.79432985229144,130.53833898409707
1707955200,130.40902570409318,131.10121243562295,129.78765111009747,130.47950203510365
1707958800,130.6058671878836,131.13693512840717,129.68287895471803,130.21234676743921
1707962400,130.20102399726176,130.80956314598683,129.63883012703417,130.24717002223895
1707966000,130.29143664807916,130.95150602219564,129.4276015692751,130.08663338971928
1707969600,130.14651546151248,130.2824238925724,129.81350057268918,129.94920295571936
1707973200,130.07848227033236,131.0350626910696,128.58799187634176,129.5406169043878
1707976800,129.55133271447656,129.7453503162851,128.42828484444325,128.62090903278698
1707980400,128.80241329563532,129.33777707861412,127.10082524496096,127.63132141589031
1707984000,127.67081829559766,128.07836267481312,127.3578192245832,127.7651323824283
1707987600,127.84490626284213,128.4414915245045,126.82760731067569,127.42222011733703
1707991200,127.31608817201338,127.69314886886588,126.54017297686826,126.91604891314665
1707994800,127.19031330088038,128.0831950856869,125.8265418413954,126.71609458927593
1707998400,126.77564295624326,127.3922764053298,126.2971259037387,126.91323999022845
1708002000,127.00376107039743,127.69863533737824,126.10309033902031,126.7968324396828
1708005600,126.59308344987632,126.94022169868705,125.90948523812398,126.25569832357881
1708009200,126.15187022079408,126.8092285678833,126.00858149532304,126.66535660247258
1708012800,126.82225066950356,127.741500658808,126.33663790406071,127.25423379466459
1708016400,127.29074714153242,127.89614899599786,126.6854280317804,127.2908294946235
1708020000,127.04745584077122,128.10811787246192,126.5117183100837,127.57017611919198
1708023600,127.70269973535768,128.97581653698637,126.71503421551529,127.98596025182869
1708027200,127.91638260672318,129.10763123165268,127.15555205269469,128.34425574203456
1708030800,128.52551804940288,129.54982640597296,127.41323480491067,128.43683639632076
1708034400,128.4255555550756,128.91406263078582,128.0318772073756,128.52009448151017
1708038000,128.54640609712848,129.40035754129045,127.70784994784279,128.56170161364594
1708041600,128.71335940165045,129.3426273379658,127.14836161066133,127.77303237344901
1708045200,127.65840841981947,128.58035285837886,126.98407553911697,127.9047188863616
1708048800,127.77779211435502,128.78736092357912,125.98325017576867,126.98656754147781
1708052400,126.96161733296269,127.66979785846385,125.65255214316105,126.35736218760371
1708056000,126.46192480034982,127.71452308627528,125.5398000758135,126.79000608544615
1708059600,126.6213763880927,127.75980076581479,125.85148655626568,126.98768369339287
1708063200,126.77604040646719,127.75574667468638,126.53621780925572,127.51452708012812
1708066800,127.6196067368007,128.3720475955136,126.39536937744742,127.14501204198909
1708070400,127.0683694664043,127.62622618100069,125.77550168767605,126.3301173209701
1708074000,126.28057707886248,127.21904204135032,125.04223511531717,125.9784548303475
1708077600,125.74475376143116,126.63570716615679,124.9088226154523,125.79941265652697
1708081200,125.71402644859036,125.93137881114343,125.39136600371468,125.60853597927897
1708084800,125.60758546582423,126.19173478586758,125.36423213577044,125.94772247114648
1708088400,126.06495597062124,126.25244948172954,125.34780464062334,125.53450923048864
1708092000,125.4377305541809,126.03855630941113,124.87919219975859,125.47983049598339
1708095600,125.68797020586584,125.88472244532483,124.55880205746915,124.75409240245324
1708099200,124.66872046123028,125.50499222032661,123.9125113750451,124.74830042212446
1708102800,124.66311497889576,125.26978928331721,123.91343510446173,124.51941006748466
1708106400,124.71098814718117,125.56540746094369,123.0681022287569,123.91708233891782
1708110000,123.9432886347257,124.30998359471891,123.20583121853582,123.5714259966904
1708113600,123.50323033831769,124.07554251556589,122.68107010196687,123.2522190967641
1708117200,123.23310007712568,123.45767487843872,122.6676926932877,122.89164524171761
1708120800,123.05803922606042,124.4254687163871,122.17297257999303,123.53695756034271
1708124400,123.71822064759793,123.99349798601853,122.98625833191318,123.26051726440737
1708128000,123.15988002013485,123.37128835831933,122.70243323219088,122.91341851038055
1708131600,122.90820293638242,123.2075279433474,121.36593574766587,121.6622263603562
1708135200,121.67319553519741,122.48154606175079,120.20121697805398,121.00512912496168
1708138800,120.88584784270135,121.09627404279671,120.44619072850197,120.65621721016635
1708142400,120.64949864942189,121.28906073253182,119.46882465635319,120.10550302274574
1708146000,120.10614232927928,121.30092307237427,119.3586894844841,120.55070360313853
1708149600,120.68823505050916,121.44344990302824,119.49940793238498,120.2518923406721
1708153200,120.3971751766018,120.93502921644054,120.11659844441095,120.65385431246487
1708156800,120.61414046712122,120.78678368676358,120.29286406391448,120.46529422981753
1708160400,120.43952305840082,120.93834076910886,119.76791073154497,120.26600981203819
1708164000,120.34592813818081,120.63685207397384,119.71724967092464,120.00735514122948
1708167600,119.9371487671976,120.64416574530964,119.08830470130171,119.7944806658418
1708171200,119.86501726541884,120.82710145257357,119.4458673280294,120.40605957161341
1708174800,120.39547556306682,120.89457230861764,118.58885609989001,119.08250997602696
1708178400,118.96712749506486,119.1806014580955,117.7128526341373,117.92445563247934
1708182000,117.81167514884201,118.39753517391699,116.87781730560413,117.46193814029462
1708185600,117.63203550008333,117.90243265200975,116.99409431632483,117.26364465952557
1708189200,117.24530354128801,118.0589240160827,116.57080307834764,117.3836277876372
1708192800,117.57633651409837,117.75248723661689,117.22710493840887,117.40299596527926
1708196400,117.34270901354257,118.26165052874582,116.10521690500072,117.02164407651622
1708200000,117.05572635014309,117.97878326281987,116.37777600500053,117.2994215111306
1708203600,117.58041713839607,117.85164479544406,117.31326185252972,117.5844802776906
1708207200,117.4602137173519,117.60245905609177,117.33116458315702,117.47339543963268
1708210800,117.25066414460646,118.12334402102789,116.85890150676234,117.72997987417786
1708214400,117.88154758629425,118.12552618228786,117.41992723525374,117.66345444543343
1708218000,117.566209436995,117.8635201941626,116.91042982382704,117.20683175821047
1708221600,117.2044048560026,118.17741688358065,116.37116922874965,117.34319456533555
1708225200,117.274461188802,117.88691916044907,116.59367664434805,117.20577591176378
1708228800,117.23721035316154,117.49925938442072,116.75751843885483,117.0190799041554
1708232400,116.90790187951482,118.09968711882517,116.33544879946416,117.52421618440844
1708236000,117.5030707691308,117.83095892544533,115.87101999088414,116.19525874407333
1708239600,116.24753690920811,117.15815106818918,114.45527224134284,115.3589255467003
1708243200,115.24266673920476,115.384334619938,114.49525859989106,114.6361809272446
1708246800,114.55595405381096,115.25775005652308,113.59568056817658,114.29588331801668
1708250400,114.25618578572085,114.98867981436092,113.27718286324632,114.00808633144968
1708254000,113.84530613719284,114.01267460129652,112.98822778714688,113.15458078873735
1708257600,113.1067761787639,113.35596008292738,112.296354129392,112.54429884787581
1708261200,112.55766951534352,112.97302381835466,111.58175522733073,111.99503332029192
1708264800,111.95029476148272,113.73896364272623,111.15801314562151,112.93968006418147
1708268400,112.90903504824936,114.13674474432676,112.3717009991265,113.59614075942063
1708272000,113.59388002890721,114.22854584284907,112.61870595447839,113.25145860928755
1708275600,113.17721904940686,113.91073077483524,112.19989014490501,112.93181136105575
1708279200,113.00988128087549,113.77799356812845,111.49896891235461,112.26199794161448
1708282800,112.42331951430904,112.9105612593911,110.777977360165,111.2601780597188
1708286400,111.20852300932026,111.7158064666915,110.55589847521479,111.06251591363086
1708290000,111.11641632507036,111.78600840557546,109.81181478257577,110.477557071023
1708293600,110.45108792441572,110.76514416247265,109.98650046097713,110.30012745857216
1708297200,110.34044812721264,111.11078203835457,108.69570708798274,109.45989347004954
1708300800,109.63141778031633,109.7570014213657,108.86845317262421,108.99330585150015
1708304400,109.04876043920356,109.30724975349395,108.66898572883471,108.92718686497697
1708308000,108.73418499486279,109.67766099205392,108.01638718939486,108.95838316487585
1708311600,109.00786102535865,109.38312927599347,108.63921742521016,109.01446334806064
1708315200,109.14894620990702,109.372573826689,108.0955779057719,108.31750203492716
1708318800,108.29350195059405,108.8185726981506,108.04363816313004,108.56807539197344
1708322400,108.67622337568149,109.1886638081213,107.59412876404147,108.1038703833852
1708326000,108.02929195919963,109.01262581211563,107.2813759268518,108.26309112485326
1708329600,108.10238146325904,108.30812323837897,107.94081650740719,108.14649235637081
1708333200,108.16176036824672,108.29300021013478,107.31376978275485,107.44413888687544
1708336800,107.25558140503199,107.71208013845896,106.7464214751446,107.2026951151636
1708340400,107.17699409767354,108.08168550064784,106.35244805299955,107.25652758008673
1708344000,107.39463865724798,107.73670178264943,107.07749491945431,107.41948467286659
1708347600,107.21453469091153,108.08895241655989,106.3874609949735,107.26151629542089
1708351200,107.12436329112204,108.60348009373972,106.3515929618969,107.8256508386796
1708354800,107.71442869245101,108.49110038127746,107.39323013278744,108.16854766357571
1708358400,108.16169866315367,108.88839779426347,107.24269551749406,107.96809388850805
1708362000,107.92861536367842,108.83350542134801,107.30251379028842,108.20579590393149
1708365600,108.35729652999537,109.4609930834269,107.86072140090866,108.9616483569426
1708369200,109.06568535986084,110.17210794005166,108.63374020156594,109.73750210996516
1708372800,109.79186558719788,110.52840643553698,108.38925019647986,109.12129249227533
1708376400,109.13718501759124,109.8522034000666,107.930713233997,108.642490598267
1708380000,108.68522046139269,109.90515435362008,108.00066069310121,109.21724360861948
1708383600,109.12314083502474,109.99479374913686,107.8186739236322,108.68684177172587
1708387200,108.78004920126729,109.25319751378092,107.57785190305023,108.04781530034153
1708390800,107.92772813163911,108.645281406184,107.05902189498966,107.77556350899896
1708394400,107.86563435157605,108.65689474142161,107.10654628404018,107.89758184821598
1708398000,108.02563968833135,108.29367485756835,107.52980724839352,107.79727579701681
1708401600,107.82000882339497,107.95957806129167,107.32519264913664,107.46430143623687
1708405200,107.44536649129286,107.85723024065358,106.71471481146966,107.12535186835626
1708408800,107.16824379259869,107.91811679743776,106.02720624298144,106.77432292172372
1708412400,106.46922296797648,106.79115640288836,106.03484824617568,106.35644065862837
1708416000,106.38859262575969,107.92447342486622,105.7608923673291,107.29144626578602
1708419600,107.27928504069254,107.49516932947037,107.1664876339155,107.382263647179
1708423200,107.37682722341385,108.10570206915784,107.00234505943627,107.72998823812097
1708426800,107.80612987252803,108.3784313115372,106.91828268096491,107.4889000684868
1708430400,107.48086353979353,107.68596930720962,107.1767812141601,107.38169774345427
1708434000,107.25933017083823,108.0397756987734,106.27274620637665,107.05168082610254
1708437600,107.03654450270088,107.26067023274773,105.67995310170448,105.90170256597465
1708441200,105.90885704841601,106.68925226697422,104.52646090957359,105.30238732271431
1708444800,105.31449083352672,105.57932783342062,104.2657519282292,104.52861266050807
1708448400,104.54553923766659,105.37771657772356,102.75706599470243,103.58157018863601
1708452000,103.6892856346673,104.2319166547927,102.5406463575315,103.08008930645929
1708455600,102.96820153573252,103.78838829620771,102.80443943957354,103.62358387063686
1708459200,103.64179218114977,103.79279212032091,103.453136442527,103.60408143938584
1708462800,103.73780965238656,104.30115977021455,103.57966635407638,104.14239969385754
1708466400,103.96190967531659,104.85413447944998,103.42866313005737,104.31905604146682
1708470000,104.33779829706837,105.35239601234947,103.64217251814576,104.65465771444886
1708473600,104.59341305509382,104.99303720761961,103.89146406441604,104.28992868230445
1708477200,104.25127448794426,104.95369024056558,103.82240034955569,104.52369540330852
1708480800,104.42916435209533,105.38439215861196,103.8939634305466,104.84704956950468
1708484400,104.82927418416833,105.3252512763256,104.13188737280652,104.6269070083354
1708488000,104.81972935141964,105.49609908152927,104.21005250958301,104.88603656826601
1708491600,104.75349928890377,105.60425074998614,104.30279735390357,105.15183497567722
1708495200,105.02892023287913,105.65878127175488,104.32269929052309,104.95209963436476
1708498800,104.81554777771926,105.6520990279894,103.68187948652562,104.51604031526485
1708502400,104.69673926094956,105.05816129318565,103.70021490611656,104.05943691655554
1708506000,104.01133722718974,104.24896839614985,103.89843206353383,104.13592798819617
1708509600,104.1332580750813,104.51201021525807,103.93755259998234,104.31596137209205
1708513200,104.27395314303322,104.78224688150159,103.52545409770225,104.03257119590133
1708516800,103.93436683608623,104.44854102987938,103.57997096330324,104.0936021956492
1708520400,104.06912739552978,105.17592298478228,103.28029609007719,104.38469967986505
1708524000,104.64161835535629,105.26428394715796,104.07737791690388,104.699730162714
1708527600,104.84558110638285,105.90120182903053,104.35883693229658,105.41182885751623
1708531200,105.32195745504843,106.71356577053567,104.62827792079045,106.01531956172232
1708534800,106.08399457087711,106.38210429078318,105.36126948953795,105.658182622899
1708538400,105.57036195543213,107.15963775168478,104.85901093263172,106.44241071627563
1708542000,106.2534977016373,106.39848534107567,106.14496743224517,106.28991787111237
1708545600,106.39833686060047,107.38207611938105,105.83041003869003,106.81194158236819
1708549200,106.93592525411444,107.74257502521341,106.11453364752373,106.92107137132783
1708552800,107.0329749169942,107.73029685330023,106.13209470863072,106.8280817620029
1708556400,106.77789874929229,107.52272150540789,105.40370755937042,106.1441093560157
1708560000,106.12640857033965,106.56121688246385,105.7253905286235,106.16007163868812
1708563600,106.2396966498919,106.95890461574672,104.87648114573548,105.59129967634988
1708567200,105.63264634475193,106.61064216911987,105.11971305313375,106.0954615295052
1708570800,106.05370659900443,107.4090704892054,105.48846349907289,106.839638543613
1708574400,106.66679745440094,106.81745442583055,106.45036380039636,106.60092773695125
1708578000,106.6130676294962,107.0918642420643,106.35603824881485,106.83430149708497
1708581600,106.949638952124,107.46906670827862,106.1141875907052,106.632073008173
1708585200,106.50444812259065,106.65479059020086,106.32413974242981,106.47443985014043
1708588800,106.54247312363604,107.58013660323971,105.88296161526806,106.91829868666392
1708592400,106.95375243752488,107.75466074230006,106.21786793982734,107.01833191204675
1708596000,107.09864164620238,108.68894511057486,106.30155609353741,107.88599961744747
1708599600,107.98011459288965,108.16501749667178,107.61666656738244,107.80126320977368
1708603200,107.7264249687252,109.18088244808312,106.91006962422493,108.35972790748134
1708606800,108.18465620690259,108.69160357718773,108.02526341974911,108.53169947728374
1708610400,108.47381114010928,109.48162538932873,108.00537853791474,109.0108735403497
1708614000,109.10784118782594,109.85869485342974,108.20218227202643,108.95196322333445
1708617600,108.89292683439245,109.23194682416167,108.73043920788668,109.06919617243287
1708621200,108.99352368801976,109.2836152177156,108.87062068213196,109.16052389946505
1708624800,108.96188529209608,109.08987563063629,108.81225575690232,108.9402206474136
1708628400,109.13132187635601,109.87736328885346,108.63162137501979,109.37653996047305
1708632000,109.46689095846261,110.54577232773994,108.73552326110311,109.81209823936182
1708635600,109.89667468584712,110.4356070200957,109.6887516392411,110.22705889096854
1708639200,110.33378004422337,111.27250352381004,110.12720522162509,111.06456048162248
1708642800,111.12863081549622,112.42895299923391,110.57522934978775,111.87185042770132
1708646400,111.84452024547153,112.16366682467098,111.54924297174702,111.86832670025831
1708650000,111.85000818395524,112.88830671201337,111.16643729000735,112.20258107022984
1708653600,112.15461749943647,113.01231407301015,111.23540062626289,112.09262310091512
1708657200,112.38834751077268,113.10338845922452,111.56112564872294,112.27544830603318
1708660800,112.33788093048173,113.1399989644562,111.38009777705891,112.18109633333108
1708664400,112.12907875516072,113.61336236349369,111.60912473461879,113.08895728790101
1708668000,113.14161208708113,114.20943151818177,112.36928084004145,113.43509687497301
1708671600,113.3204867989894,113.77908908897945,113.06207956726523,113.5202263866218
1708675200,113.69114687318599,114.41998969884553,113.52306187599471,114.25107688140221
1708678800,114.17557398437881,114.81400631835047,112.81754646898919,113.45193243694784
1708682400,113.50879579310478,113.66358405187799,112.57744954450185,112.73117739031129
1708686000,112.85141037503485,114.1043495718285,112.03353445647583,113.28334327575133
1708689600,113.32693952952192,114.16900801661787,112.66501058491797,113.50603300866722
1708693200,113.51675642918978,114.690220540062,112.646604508035,113.81776129468281
1708696800,113.81899077043889,114.1828935982745,113.05223176658393,113.41484244874036
1708700400,113.40844137127289,114.10626051113135,112.90909173715787,113.60604082524726
1708704000,113.54054328115294,115.43625833440811,112.83751924891644,114.72589480402281
1708707600,114.67433900295005,115.62482928802355,114.36478102617642,115.31354580260202
1708711200,115.48428889869473,116.15720367836987,114.93077943002768,115.60312463693272
1708714800,115.59057814394612,116.26279438902361,114.9413901407079,115.61347777525191
1708718400,115.52266482063912,116.55428447597264,114.6156200670399,115.64626922256318
1708722000,115.58657674254555,116.30470725058072,114.1672663516886,114.88101324801853
1708725600,115.00749452214617,115.4278456741694,114.79738549580946,115.2173532535686
1708729200,115.29522116275848,116.32966203158465,114.79630021377264,115.82843369379887
1708732800,115.89335393151958,116.48688963061394,114.7315767447237,115.3221872734767
1708736400,115.29249318914133,115.52611751623088,115.00689056600726,115.2404093523892
1708740000,115.30650282410667,115.77046879451522,114.46952630969953,114.93198531061961
1708743600,114.8580433484985,115.20124385839448,114.37124829495,114.71401845259312
1708747200,114.68424094930687,115.17608937428565,114.47416318294022,114.96549640619926
1708750800,115.07704454170762,115.6045914929401,113.71414963844413,114.23784947314985
1708754400,114.33776874726293,114.99595960727805,114.09086416011986,114.74816878932903
1708758000,114.63555173153718,115.91852129945865,114.04704010824628,115.32646270376976
1708761600,115.22784005736311,115.69652729468275,114.97573554053962,115.4439499556536
1708765200,115.45649964361974,116.15676230253686,113.84204018793031,114.53672425786176
1708768800,114.73460053688599,115.00614192480826,114.04392542248995,114.31447249700963
1708772400,114.09570527403064,115.95306467598616,113.26577360385897,115.11571347057334
1708776000,115.14775842487064,115.28403182388998,113.94364218776865,114.07865033425142
1708779600,113.92178112235318,114.68764240447003,113.39159123671656,114.15636078935383
1708783200,114.08397083362065,114.45368656388001,113.48634137480079,113.8553160960238
1708786800,113.81383154282489,114.75578479960079,113.52069995876079,114.46098644499538
1708790400,114.41286476369059,114.9049796034179,113.8996466407463,114.39167031851369
1708794000,114.3306248037403,115.6092768248128,113.5424138411422,114.81770784511676
1708797600,114.8185353462514,116.17472897867074,113.96808129368449,115.320556485427
1708801200,115.25884703225871,116.78009568250597,114.89892358258352,116.41655700521125
1708804800,116.2464271858276,116.81135428990619,116.0046688687485,116.56892527183076
1708808400,116.65986929204428,117.69947449461729,115.95512898935723,116.99272342572296
1708812000,117.08083715597462,117.67490427913127,115.95637860088287,116.54774079787471
1708815600,116.64605229984859,117.63663195063478,116.36527206620644,117.35414725239828
1708819200,117.17347488925901,117.98927356914483,116.43269591833264,117.24802329792199
1708822800,117.28307609913864,117.82639147932443,116.69291196817095,117.2360093108459
1708826400,117.31528516566131,118.1318854396305,116.66139717140305,117.47709555207781
1708830000,117.3560153679479,117.76856556366063,116.58444469725683,116.99572834962744
1708833600,116.99680158540237,117.83263845548223,116.52019371202267,117.35457313425147
1708837200,117.34092950488619,118.33011686431834,117.07545800921606,118.0630117336491
1708840800,118.28070203607243,119.20154038908301,117.53605273855072,118.45578881330772
1708844400,118.68397601169183,118.93310308530788,117.7110509189222,117.95865548726199
1708848000,117.76249353183752,118.91586879207074,117.0031470583444,118.15399785245684
1708851600,118.4490330437329,119.54235596117468,117.6689211992825,118.76019478836514
1708855200,118.65155212730816,119.39030122186966,117.38944165398519,118.12491177684264
1708858800,118.24081054334101,118.37512731730588,117.73705261412584,117.87094924062416
1708862400,117.98539828616549,118.88410078999294,117.64183277175728,118.53892344768384
1708866000,118.42095414029608,119.43035174492829,117.91430616962654,118.92156199154994
1708869600,118.98023663804044,119.98982821346723,118.36525032364514,119.37281274749606
1708873200,119.35997683213712,121.41720332187364,118.47258855591502,120.52118200230117
1708876800,120.5880090300809,121.44416510206038,120.15036598653916,121.00500866600731
1708880400,121.03292438952421,122.44858970311148,120.17054504687302,121.58229599807464
1708884000,121.72783674020887,123.43307879248052,121.46685164753444,123.16900383033457
1708887600,123.17829106707543,123.76845541003553,122.73497690430332,123.32461463409929
1708891200,123.30391336683184,123.47234331592935,123.02328743439381,123.1915639170555
1708894800,123.32666380963418,124.4290840303298,122.56235605556265,123.66269375585625
1708898400,123.73448791682097,124.39541255319648,123.48026683634461,124.14035758535853
1708902000,124.23123841166233,124.57897905395815,123.79104528636267,124.1385264147894
1708905600,124.05605301301766,124.85331570805144,123.08875268921707,123.88491554660179
1708909200,123.75549090836674,125.88901824329281,123.16851650842746,125.2947431437998
1708912800,125.22363073163945,125.8563893462045,125.08615909831039,125.71837457860975
1708916400,125.64035014522278,125.76795631871778,125.48146198108752,125.60903635083893
1708920000,125.70782891358573,126.90664884382768,125.1327628093785,126.32874229410587
1708923600,126.45209731815486,126.92807519255314,126.05570937072046,126.53143853511072
1708927200,126.51181119885236,126.94683998949186,126.22561869436437,126.66031155046036
1708930800,126.84168193140513,127.87559060634624,126.17003523989395,127.20203578440463
1708934400,127.37622703771551,127.70728489594946,126.47115747969285,126.80071956217111
1708938000,126.83158647624568,127.88807294375553,126.1789808835496,127.23339984046535
1708941600,127.12887071776811,128.93483490706944,126.6642322830522,128.46531196448794
1708945200,128.66785271431417,129.25660499525063,128.3709872177892,128.95906760088891
1708948800,128.95119910025278,129.27132542506277,128.6975865003053,129.0175822671394
1708952400,129.03386082262116,129.3768359501318,128.6639345825536,129.00683788243467
1708956000,128.96303395039092,129.20024745081224,128.80714024233112,129.04425556005992
1708959600,128.92948429854977,129.568362880533,128.5224682620545,129.16061718323795
1708963200,128.97106603321555,130.1561797137213,128.0278125618375,129.21117019664544
1708966800,129.29296973475073,130.81671105298048,128.41125181775308,129.9306444907415
1708970400,129.82889654684095,130.29680330411114,128.80884740700824,129.27475703089073
1708974000,129.6708828578145,130.61609946171168,129.01852999905168,129.96228062874778
1708977600,129.82120865016228,130.65035194170005,129.17579940693065,130.00403377896865
1708981200,129.84067171104184,131.32494140572132,128.95760416800331,130.4378126102282
1708984800,130.50437096397374,130.8507335723821,129.74063363302332,130.08588556833973
1708988400,130.28497986655626,131.41604781778128,129.884391020619,131.01321984334155
1708992000,131.02168221555416,132.31155738584886,130.6138774869561,131.90101573340328
1708995600,131.97651669023654,132.81114540842034,131.8067830213357,132.64055772303516
1708999200,132.39625382749472,132.82029454089349,131.64515750415345,132.06814735320063
1709002800,131.97869996279212,133.68278832247046,131.03565983043475,132.73434877974944
1709006400,132.59191956590573,134.15848598805349,131.61287229665655,133.17513232621087
1709010000,132.9229983225837,133.15793273307813,132.31045836514642,132.5447241960116
1709013600,132.56023021579793,133.30991823750543,132.00262756547735,132.75151098189744
1709017200,132.4541058651312,133.65148936115168,131.968073164789,133.16285594328468
1709020800,132.98690489883757,134.26665930081495,132.39836943933963,133.67507831994848
1709024400,133.6032881817955,134.6375092592066,132.95089842658356,133.98326406781013
1709028000,133.87193195894986,134.50391483484765,133.71907547159222,134.35051189949633
1709031600,134.4037801419837,136.28784320859967,133.4769725684305,135.35447989878782
1709035200,135.3958478670241,137.29266758780457,134.3376415100823,136.22795775247457
1709038800,136.3497725611271,137.10976351623754,134.12576882530252,134.8775538783285
1709042400,134.97907174117998,135.7380814234897,134.14773964184715,134.9063403434581
1709046000,135.06033104246634,135.6945553141854,134.38049672829567,135.0145058111898
1709049600,135.01424679960905,135.46518275676294,133.81590156499692,134.2643328742211
1709053200,134.30508383818028,134.7796114962496,134.03071940017688,134.50483898948022
1709056800,134.57365765694294,136.05506518109172,133.88888721697637,135.36626162071775
1709060400,135.3854385165129,135.5634148363809,134.78583001390496,134.96325133079455
1709064000,134.90965534003396,136.24256811407125,133.99611218405394,135.32620428939367
1709067600,135.28122358024186,135.8150949518875,134.4760207105312,135.0088170620249
1709071200,134.8984845775574,135.42503107631612,134.29401893841978,134.82026010519368
1709074800,134.87711458042645,136.2377449943452,134.4333424362838,135.7909660995811
1709078400,135.77820028836345,136.83529837380195,134.608352197293,135.66456558231604
1709082000,135.57462622953554,136.3832889586063,135.27305149985432,136.08058875643422
1709085600,135.990499925243,136.27052540916335,134.94778847617997,135.22624023112067
1709089200,135.062661579649,136.68995886195304,134.7710990418517,136.3955190573806
1709092800,136.52909399386326,137.6476612843453,135.76320777564368,136.87980767028753
1709096400,136.8905692647927,138.01907864650138,135.80321089170408,136.93139597593597
1709100000,136.81330251765277,137.7591315952783,136.45097626507012,137.3952641185448
1709103600,137.5063996733006,138.51560338723968,135.76270952260035,136.76648274813556
1709107200,136.68985361101974,137.9616610733056,136.28657536056633,137.55582792505197
1709110800,137.36249156255596,138.27589761809114,136.60214903981228,137.51471250683966
1709114400,137.6552173274635,137.83189678900044,137.3591925173412,137.53571860314216
1709118000,137.4618684168543,138.07626493530552,136.78061490470432,137.39471125901227
1709121600,137.33854217110604,138.10516450770137,136.43525169997338,137.20110687414788
1709125200,137.2067569348549,138.35922803070108,136.55444329673085,137.70454777622365
1709128800,137.86197743002765,138.33117389459613,137.49459625735918,137.96352212079262
1709132400,137.96628656371018,139.37932319802886,137.02818774547325,138.43801685972136
1709136000,138.27211295178313,139.62295712272766,137.19484106200727,138.54357032064945
1709139600,138.6189414770759,139.5204714994949,138.03474959859216,138.93494785237957
1709143200,138.86758216748325,139.62460974532462,138.04820071520842,138.80488651176688
1709146800,139.06718710826092,141.06336372665376,138.1586760719796,140.14779320648896
1709150400,140.1476362800098,140.5246927635252,138.9913228545802,139.36627715119258
1709154000,139.05513640937335,141.15036304684682,138.07463741251627,140.16205897001691
1709157600,140.21215693141312,141.43611627403146,139.79693176132815,141.01850318504106
1709161200,141.29299425586962,142.20162345097773,139.71729980783425,140.62161146399427
1709164800,140.84339462489947,142.21400645854652,140.5920321752661,141.96065004916048
1709168400,142.22081160948466,143.03308986213602,141.79148866075656,142.60261436279293
1709172000,142.45726801613876,143.90743512066155,141.78268448248645,143.22919624474812
1709175600,143.35990270231827,144.03003206898586,142.64259673034056,143.31250453643028
1709179200,143.20907103438395,144.24692955667103,142.21333574398682,143.2509034050356
1709182800,143.28303666756662,144.42541667290675,142.0478080831301,143.1894418673483
1709186400,143.00728448299324,143.71864647029,142.75695367497516,143.46751004850125
1709190000,143.37508137087318,144.7424888723513,142.95933422011413,144.3239901547269
1709193600,144.2264245259697,144.9805717077771,143.7211723225022,144.47445062239598
1709197200,144.6043272447723,145.2337072911826,143.36316339340405,143.98986905425596
1709200800,144.1052106676895,145.14648015175214,143.46288068390518,144.502379838734
1709204400,144.5423864854677,146.0828888841274,143.5315487549104,145.06837273947832
1709208000,144.87260151842477,146.4071147540994,143.94629840117543,145.47694749994147
1709211600,145.43161820993384,146.10039471285316,145.2669952822068,145.93520174817377
1709215200,145.82635769892684,146.43666321876296,145.18624257874978,145.79642281654333
1709218800,145.92327358240237,146.7005363605303,144.4966186696558,145.2704039265494
1709222400,145.44166018197097,146.0558267318438,144.16567454648677,144.77703453571107
1709226000,144.93005571863856,145.20752674400347,143.56339378832615,143.83877553946306
1709229600,143.7301867122672,144.52107902711057,143.18655335571992,143.97651398235146
1709233200,143.58262533530842,144.48405146900086,143.0252964718864,143.92539212547973
1709236800,143.67130598779065,144.00376303590986,143.3324042443174,143.66484634474858
1709240400,143.86922940993205,144.77476389163527,141.07110498729745,141.9646517720396
1709244000,141.90769918132554,142.36887149774716,140.78313218888923,141.24214157302671
1709247600,141.1361474114027,142.58315427791374,140.41311948453534,141.8564363747683
1709251200,142.08964980294803,142.74469889838767,140.80307720610512,141.45520142392448
1709254800,141.6342781353019,142.64582867030546,140.61891985795006,141.63044300247503
1709258400,141.6339057281208,141.8965097933471,140.55066932638118,140.81174902714957
1709262000,140.7704404850502,141.84178657749706,140.51707606654423,141.5869525670218
1709265600,141.56824999421266,142.007428354183,141.02485348555768,141.46370752995583
1709269200,141.49584647187638,142.15089663729637,140.92724473692036,141.58194889932435
1709272800,141.8086680440506,143.2959889538786,141.37050822545362,142.85459742712814
1709276400,142.91496159099222,144.57973281662473,142.00855066143043,143.66854244400201
1709280000,143.77288785126484,144.1634987890018,143.04342218353776,143.43310999209385
1709283600,143.60092012882797,143.82973716641723,142.80184422591978,143.0297511496068
1709287200,142.8625504866189,143.419228510722,142.21979323698437,142.77613453279682
1709290800,142.88395148424473,143.91299929342537,141.9675431119634,142.99587309454662
1709294400,142.95375718160795,143.94784811764947,141.86641906711745,142.85985702772334
1709298000,142.50085985271375,143.4287273455628,141.62684309263867,142.55438231010157
1709301600,142.2513250086334,144.01208504756522,141.55355284907597,143.3091241644491
1709305200,143.1632928705472,144.0321998442613,142.28648775728234,143.15534650176738
1709308800,143.23141414978826,145.2181029265258,142.40500802853938,144.38504069534088
1709312400,144.40147258516686,144.7827742657518,143.95910797510493,144.34024798807428
1709316000,144.3668619776002,145.97815541809206,143.66591578480714,145.27281056204322
1709319600,145.55650625216657,146.48723317342788,144.44502339756738,145.3745870793695
1709323200,145.1902107204499,146.29480776325198,144.72272079967922,145.82527304047846
1709326800,145.82127261898694,146.63463626719627,144.47890170113627,145.28929809545016
1709330400,145.3335360523362,145.96869635988762,144.0443230685017,144.6766123811516
1709334000,144.57013008569962,145.47641517785576,143.91636777186966,144.8215160684674
1709337600,144.82561844873882,145.50652613397764,144.5894968945015,145.269680587373
1709341200,145.03744229294787,145.98584437948244,144.21601981498208,145.1637067999362
1709344800,145.36851836129534,146.3947923715151,143.2676784028242,144.28631224429148
1709348400,144.18799810411554,144.4749349622478,143.08283557809156,143.36814090480664
1709352000,143.6596749807963,144.1714969988756,141.90667317532743,142.41405738221758
1709355600,142.40943265708057,142.6003570221669,141.0808034329464,141.2702004611166
1709359200,141.41550847379762,141.5862568398281,141.01767054082876,141.1881443821798
1709362800,141.1806188495847,142.80015034499078,140.06139403766605,141.67699049253153
1709366400,141.67263486585531,142.30368736241215,140.88775523069702,141.51811946923644
1709370000,141.43549286681235,141.92890941304856,139.60245651119294,140.09118325437763
1709373600,140.10787246061864,140.51756742983812,139.4192400590015,139.82811698417183
1709377200,139.87258921349584,140.97200014548227,138.48075834788722,139.5778526241932
1709380800,139.46843041887283,140.9781476497115,139.0826948405535,140.5893119870317
1709384400,140.571733177727,141.42640351969808,138.75770463616382,139.6065064393618
1709388000,139.52135864501648,139.93801220903507,138.80429224200603,139.22004599404508
1709391600,139.5405737434039,140.20977876388204,139.33218014751776,140.00069800621128
1709395200,139.98813619938974,140.88722836913666,139.1785937247654,140.07717101186316
1709398800,140.29379008050162,140.4356854551474,140.0723729384862,140.21418780211928
1709402400,140.1867614585792,140.99006518781073,139.2938588739665,140.0966462212985
1709406000,140.13297626004567,140.5187113623219,139.71125083864214,140.09688659921176
1709409600,139.91188985765112,141.21864133994194,139.04125599581405,140.34531041913706
1709413200,140.282579901044,141.1787402564315,138.80916156195215,139.70161053913287
1709416800,139.73102566806003,140.84954704671088,138.88303291217647,139.99992242346235
1709420400,140.22213900835706,140.38639299109553,138.87565650383868,139.0385240188094
1709424000,139.06939160248433,139.89353855888254,138.200100473306,139.02397830339402
1709427600,139.21648176763276,140.32061037118586,137.82182734662044,138.9236333638315
1709431200,139.0126743023373,139.387782985966,138.0066182327819,138.38001977562
1709434800,138.6054029498551,139.01008498745875,137.76030934163526,138.1637017575162
1709438400,138.1555445070268,139.0804524755314,136.69339142895055,137.61467846924685
1709442000,137.9440016200905,138.23682606166616,136.52898007564983,136.81941727472807
1709445600,136.7530217644659,137.52213248250504,135.65049233337265,136.41771727019082
1709449200,136.31319835639079,137.16995197727098,134.75498641837086,135.6073033588533
1709452800,135.44331059495116,135.74187713679112,135.27263514293122,135.57104072888308
1709456400,135.88742878048544,136.5500613592865,134.07948017315712,134.73650044020147
1709460000,134.84695518818697,135.58485111939729,134.16852116886898,134.90611943641557
1709463600,134.861052034248,135.28237148490427,133.63596753419046,134.05476807289594
